omega_rad_s,load_ohm,i1_real_A,i1_imag_A,i2_real_A,i2_imag_A,source_power_W,load_power_W,winding_loss_W,voltage_gain,efficiency,power_residual_W
3162.277660168379,1.0,0.04081632653061224,-1.2725255159385385e-16,4.211245476676759e-17,-0.09680441816841977,0.02040816326530612,0.00468554768846314,0.015722615576842982,0.09680441816841977,0.22959183673469385,0.0
3162.277660168379,1.0174193661806048,0.040979507062262936,-1.2711049820890805e-16,4.214361658205676e-17,-0.09677001669176555,0.020489753531131468,0.004763779336278538,0.015725974194852933,0.09845568904782265,0.23249568761481712,-3.469446951953614e-18
3162.277660168379,1.035142166679344,0.04114541111110846,-1.2696591444043238e-16,4.217526487262618e-17,-0.09673504104727249,0.02057270555555423,0.004843258450425863,0.01572944710512837,0.1001345199834889,0.23542156073479004,0.0
3162.277660168379,1.0531736871297162,0.0413140820712398,-1.2681875448779428e-16,4.2207406233460235e-17,-0.096699482086663,0.0206570410356199,0.004924002904487476,0.015733038131132426,0.10184135009274481,0.2383692270348298,0.0
3162.277660168379,1.0715193052376064,0.04148556395728954,-1.2666897170419705e-16,4.2240047313542206e-17,-0.09666333053083777,0.02074278197864477,0.005006030757819423,0.01573675122082535,0.1035766247723564,0.24133844548784542,-3.469446951953614e-18
3162.277660168379,1.0901844923851276,0.041659901410836996,-1.2651651858084593e-16,4.227319481491482e-17,-0.09662657696852552,0.020829950705418498,0.005089360254876264,0.015740590450542234,0.10534079576334444,0.24432896298464923,0.0
3162.277660168379,1.109174815262401,0.041837139706787846,-1.2636134673082872e-16,4.230685549167109e-17,-0.09658921185493806,0.020918569853393923,0.005174009824411478,0.015744560028982446,0.10713432121554184,0.24734051422602502,0.0
3162.277660168379,1.1284959375277617,0.042017324759723904,-1.262034068727076e-16,4.234103614887306e-17,-0.09655122551043166,0.021008662379861952,0.0052599980785485,0.01574866430131345,0.10895766575184891,0.2503728216219287,3.469446951953614e-18
3162.277660168379,1.1481536214968828,0.042200503130218545,-1.2604264881381738e-16,4.23757436413959e-17,-0.09651260811917557,0.021100251565109272,0.005347343811717353,0.01575290775339192,0.11081130053214089,0.253425595198095,0.0
3162.277660168379,1.1681537298613247,0.04238672203111297,-1.258790214332675e-16,4.241098487269471e-17,-0.09647334972782895,0.021193361015556484,0.0054360659994516555,0.015757295016104827,0.1126957033167794,0.2564985325103196,3.469446951953614e-18
3162.277660168379,1.1885022274370185,0.04257602933374844,-1.257124726646428e-16,4.244676679349145e-17,-0.09643344024422688,0.02128801466687422,0.005526183797040696,0.015761830869833522,0.11461135852967827,0.2595913185666797,0.0
3162.277660168379,1.2092051829432084,0.04276847357414943,-1.2554294947839977e-16,4.248309640037936e-17,-0.09639286943607701,0.021384236787074715,0.005617716538031115,0.015766520249043604,0.11655875732087231,0.2627036257579524,-3.469446951953614e-18
3162.277660168379,1.2302687708123814,0.042964103959152275,-1.2537039786395486e-16,4.251998073434179e-17,-0.09635162692966738,0.021482051979576137,0.005710683732572589,0.01577136824700355,0.11853839762853503,0.26583511379648317,0.0
3162.277660168379,1.2516992730317251,0.04316297037247391,-1.2519476281146003e-16,4.2557426879182975e-17,-0.09630970220858706,0.021581485186236954,0.005805105065601813,0.01577638012063514,0.12055078424039035,0.26898542966375044,0.0
3162.277660168379,1.2735030810166617,0.04336512338071505,-1.2501598829326338e-16,4.2595441959867615e-17,-0.0962670846124606,0.021682561690357524,0.0059010003948589155,0.01578156129549861,0.12259642885446023,0.2721542075668649,-3.469446951953614e-18
3162.277660168379,1.2956866975170194,0.04357061423929194,-1.2483401724505006e-16,4.263403314076647e-17,-0.09622376333569749,0.02178530711964597,0.005998389748730299,0.015786917370915667,0.12467585013908913,0.2753410689042321,3.469446951953614e-18
3162.277660168379,1.318256738556407,0.04377949489829035,-1.2464879154666074e-16,4.267320762380476e-17,-0.09617972742625805,0.021889747449145174,0.006097293323911804,0.015792454125233373,0.12678957379218314,0.2785456222406034,-3.469446951953614e-18
3162.277660168379,1.341219935405371,0.043991818008235734,-1.244602520025838e-16,4.2712972646510424e-17,-0.09613496578443687,0.021995909004117867,0.006197731482885863,0.015798177521232006,0.12893813259959996,0.28176746329172314,0.0
3162.277660168379,1.3645831365889245,0.04420763692577305,-1.2426833832211844e-16,4.275333547995915e-17,-0.09608946716166551,0.022103818462886525,0.006299724751206357,0.015804093711680164,0.13112206649262398,0.2850061749187783,3.469446951953614e-18
3162.277660168379,1.3883533099290453,0.0444270057192493,-1.240729890992052e-16,4.279430342661293e-17,-0.09604322015933565,0.02221350285962465,0.006403293814584511,0.015810209045040137,0.13334192260445765,0.2882613271328388,0.0
3162.277660168379,1.4125375446227544,0.044649979174191806,-1.2387414179192072e-16,4.2835883818048625e-17,-0.09599621322764396,0.022324989587095903,0.006508459515769213,0.01581653007132669,0.13559825532565856,0.29153247710947094,0.0
3162.277660168379,1.4371430533563905,0.0448766127986753,-1.2367173270163438e-16,4.287808401257389e-17,-0.09594843466446083,0.02243830639933765,0.0066152428512149634,0.01582306354812269,0.13789162635844937,0.2948191692136906,-3.469446951953614e-18
3162.277660168379,1.462177174456718,0.04510696282856992,-1.2346569695182354e-16,4.2920911392726143e-17,-0.09589987261422382,0.02255348141428496,0.006723664967530435,0.015829816446754522,0.14022260476982498,0.2981209350354127,3.469446951953614e-18
3162.277660168379,1.487647374079502,0.04534108623266287,-1.2325596846654536e-16,4.296437336265219e-17,-0.09585051506685811,0.022670543116331435,0.0068337471577006705,0.015836795958630762,0.14259176704337923,0.30143729343554043,3.469446951953614e-18
3162.277660168379,1.5135612484362082,0.04557904071764541,-1.23042479948562e-16,4.300847734536405e-17,-0.09580034985672498,0.022789520358822705,0.006945510857075571,0.015844009501747136,0.14499969712977018,0.3047677506028202,-3.469446951953614e-18
3162.277660168379,1.5399265260594919,0.04582088473295731,-1.2282516285711755e-16,4.3053230779868306e-17,-0.09574936466160057,0.022910442366478656,0.00705897763911745,0.01585146472736121,0.14744698649574203,0.30811180012158,-3.469446951953614e-18
3162.277660168379,1.566751070108149,0.04606667747547998,-1.2260394738536492e-16,4.309864111816458e-17,-0.09569754700168649,0.02303333873773999,0.007174169210900103,0.015859169526839887,0.1499342341716172,0.3114689230504507,0.0
3162.277660168379,1.5940428807122176,0.046316478894069986,-1.2237876243744015e-16,4.314471582211026e-17,-0.09564488423865414,0.023158239447034993,0.0072911074083518365,0.01586713203868316,0.15246204679717082,0.31483858801215286,-3.469446951953614e-18
3162.277660168379,1.62181009735893,0.0465703496939234,-1.2214953560518286e-16,4.319146236014714e-17,-0.09559136357472442,0.0232851748469617,0.007409814191234665,0.015875360655727037,0.15503103866579668,0.3182202512944202,0.0
3162.277660168379,1.6500610013202277,0.046828351340762485,-1.219161931445021e-16,4.3238888203886705e-17,-0.09553697205178535,0.023414175670381242,0.007530311637851927,0.015883864032529314,0.15764183176687155,0.3216133569621123,3.469446951953614e-18
3162.277660168379,1.6788040181225603,0.04709054606483439,-1.2167865995138574e-16,4.3287000824549966e-17,-0.09548169655054892,0.023545273032417196,0.0076526219394762425,0.015892651092940944,0.16029505582622053,0.32501733698055196,1.0408340855860843e-17
3162.277660168379,1.708047720059708,0.04735699686471265,-1.214368595375529e-16,4.3335807689258204e-17,-0.09542552378974967,0.023678498432356324,0.007776767394489802,0.015901731037866525,0.16299134834458534,0.32843161135010834,-3.469446951953614e-18
3162.277660168379,1.7378008287493754,0.04762776751089121,-1.211907140057495e-16,4.338531625717065e-17,-0.09536844032538701,0.023813883755445606,0.007902770402228752,0.01591111335321686,0.16573135463399288,0.3318555882520253,-3.469446951953614e-18
3162.277660168379,1.7680722177343196,0.04790292254916063,-1.2094014402468585e-16,4.34355339754653e-17,-0.09531043255001354,0.023951461274580314,0.008030653456523417,0.015920807818056902,0.1685157278519197,0.3352886642054842,-6.938893903907228e-18
3162.277660168379,1.7988709151287878,0.04818252730375562,-1.2068506880361779e-16,4.348646827515879e-17,-0.09525148669207137,0.02409126365187781,0.008160439138925883,0.01593082451295193,0.17134512903314397,0.3387302242358637,-3.469446951953614e-18
3162.277660168379,1.8302061063110562,0.048466647880263385,-1.204254060665704e-16,4.353812656676149e-17,-0.09519158881527905,0.024233323940131692,0.008292150111616515,0.015941173828515176,0.17422022711917495,0.3421796420541495,0.0
3162.277660168379,1.8620871366628675,0.048755351168281176,-1.2016107202620683e-16,4.3590516235763744e-17,-0.09513072481807132,0.024377675584140588,0.008425809109980755,0.01595186647415983,0.17714169898514562,0.34563628024742205,0.0
3162.277660168379,1.894523514356592,0.04904870484381164,-1.1989198135734262e-16,4.364364463794925e-17,-0.0950688804330941,0.02452435242190582,0.008561438934847555,0.015962913487058264,0.18011022946405206,0.3490994904803376,0.0
3162.277660168379,1.927524913190936,0.04934677737138414,-1.1961804717010788e-16,4.369751909453158e-17,-0.09500604122675728,0.02467338868569207,0.008699062444380663,0.015974326241311405,0.1831265113682198,0.3525686137074957,0.0
3162.277660168379,1.9611011754760475,0.04964963800588985,-1.1933918098275935e-16,4.375214688710962e-17,-0.09494219259884781,0.024824819002944924,0.008838702545613954,0.01598611645733097,0.18619124550787375,0.35604298039657145,0.0
3162.277660168379,1.9952623149688795,0.04995735679411835,-1.1905529269414564e-16,4.380753525243824e-17,-0.09487731978220587,0.024978678397059174,0.008980382185621898,0.015998296211437273,0.18930514070668675,0.35952191076206774,3.469446951953614e-18
3162.277660168379,2.030018519859684,0.05027000457598264,-1.1876629055582827e-16,4.386369137700963e-17,-0.09481140784246651,0.02513500228799132,0.009124124342316223,0.016010877945675097,0.1924689138141767,0.36300471500953196,-3.469446951953614e-18
3162.277660168379,2.065380155810529,0.05058765298541977,-1.1847208114386308e-16,4.3920622391441535e-17,-0.09474444167786976,0.025293826492709885,0.00926995201485974,0.01602387447785015,0.19568328971482024,0.36649069359005443,-3.469446951953614e-18
3162.277660168379,2.1013577690467478,0.05091037445095381,-1.1817256933024623e-16,4.39783353646684e-17,-0.09467640601914208,0.025455187225476905,0.009417888213688405,0.01603729901178849,0.1989490013337485,0.3699791374648575,6.938893903907228e-18
3162.277660168379,2.1379620895022318,0.05123824219590694,-1.178676582540298e-16,4.4036837297931066e-17,-0.09460728542945175,0.02561912109795347,0.00956795595013242,0.01605116514782105,0.20226678963888473,0.37346932837975994,0.0
3162.277660168379,2.1752040340195227,0.051571330238245346,-1.1755724929211254e-16,4.40961351185612e-17,-0.09453706430444135,0.025785665119122673,0.009720178225627396,0.016065486893495278,0.20563740363938385,0.37696053914928507,-3.469446951953614e-18
3162.277660168379,2.2130947096056377,0.051909713390045104,-1.1724124202971303e-16,4.4156235673556446e-17,-0.09446572687234044,0.025954856695022552,0.009874578020506489,0.01608027867451606,0.20906160038022775,0.3804520339501689,3.469446951953614e-18
3162.277660168379,2.251645416744618,0.052253467256563595,-1.1691953423053126e-16,4.421714572294223e-17,-0.09439325719416125,0.026126733628281797,0.010031178282364422,0.016095555345917376,0.2125401449328291,0.3839430686240021,0.0
3162.277660168379,2.290867652767773,0.05260266823490157,-1.1659202180660706e-16,4.4278871932916283e-17,-0.09431963916398077,0.026301334117450784,0.010190001913984361,0.016111332203466423,0.21607381038149195,0.3874328909887257,0.0
3162.277660168379,2.330773115282638,0.052957393512240526,-1.1625859878788423e-16,4.4341420868772145e-17,-0.09424485650931237,0.026478696756120263,0.010351071760818651,0.016127624995301612,0.21966337780557518,0.39092074115868686,0.0
3162.277660168379,2.371373705661655,0.05331772106363978,-1.159191572914894e-16,4.4404798987597524e-17,-0.09416889279157016,0.02665886053181989,0.010514410598014437,0.016144449933805448,0.22330963625720085,0.3944058518729443,6.938893903907228e-18
3162.277660168379,2.4126815325916335,0.05368372964937754,-1.1557358749073593e-16,4.446901263074418e-17,-0.09409173140662962,0.02684186482468877,0.010680041116975316,0.01616182370771345,0.22701338273434749,0.3978874488314972,3.469446951953614e-18
3162.277660168379,2.4547089156850306,0.054055498811819584,-1.1522177758386474e-16,4.453406801606508e-17,-0.09401335558548762,0.027027749405909792,0.010847985911450163,0.016179763494459633,0.23077542214916355,0.40136475103909985,-3.469446951953614e-18
3162.277660168379,2.497468389154143,0.054433108871799314,-1.148636137625332e-16,4.4599971229915724e-17,-0.0939337483950257,0.027216554435899657,0.01101826746314051,0.016198286972759147,0.23459656729133543,0.4048369711563122,0.0
3162.277660168379,2.5409727055493048,0.054816640924492094,-1.1449898018006613e-16,4.466672821891589e-17,-0.09385289273887977,0.027408320462246047,0.011190908126817844,0.016217412335428207,0.23847763878634004,0.4083033158574203,-3.469446951953614e-18
3162.277660168379,2.5852348395621907,0.055206176834767175,-1.1412775891948272e-16,4.4734344781468374e-17,-0.09377077135842003,0.027603088417383587,0.011365930114942375,0.016237158302441212,0.2424194650484079,0.4117629861948512,0.0
3162.277660168379,2.6302679918953817,0.05560179923199936,-1.1374982996131414e-16,4.4802826559031506e-17,-0.09368736683384471,0.02780089961599968,0.011543355481775038,0.016257544134224644,0.24642288222802272,0.4152151779696988,-3.469446951953614e-18
3162.277660168379,2.676085593199332,0.05600359150432344,-1.1336507115122937e-16,4.487217902714226e-17,-0.09360266158539146,0.02800179575216172,0.011723206106974615,0.016278589645187108,0.25048873415377865,0.41865908210796055,0.0
3162.277660168379,2.7227013080779123,0.05641163779231268,-1.129733581674853e-16,4.494240748618692e-17,-0.09351663787466992,0.02820581889615634,0.011905503678672033,0.016300315217484304,0.2546178722684122,0.42209388504208323,3.469446951953614e-18
3162.277660168379,2.7701290391637334,0.056826022982063865,-1.12574564488221e-16,4.501351705191651e-17,-0.0934292778061196,0.028413011491031932,0.012090269676014271,0.01632274181501766,0.2588111555588276,0.4255187690974029,0.0
3162.277660168379,2.8183829312644537,0.05724683269767002,-1.121685613586155e-16,4.5085512645704085e-17,-0.09334056332859672,0.02862341634883501,0.012277525351170326,0.016345890997664682,0.2630694504799258,0.4289329128830573,3.469446951953614e-18
3162.277660168379,2.867477375581316,0.057674153293062365,-1.1175521775793049e-16,4.515839898454178e-17,-0.09325047623709413,0.028837076646531182,0.012467291710792234,0.016369784935738943,0.26739363087205054,0.43233549168694696,6.938893903907228e-18
3162.277660168379,2.9174270140011664,0.05810807184320218,-1.113344003664607e-16,4.523218057077459e-17,-0.09315899817459815,0.02905403592160109,0.012659589496924174,0.01639444642467692,0.271784577871858,0.43572567787430955,-3.469446951953614e-18
3162.277660168379,2.968246743463242,0.05854867613460413,-1.1090597353241573e-16,4.530686168156971e-17,-0.0930661106340865,0.029274338067302064,0.012854439167353258,0.0164198988999488,0.27624317981641705,0.4391026412894715,3.469446951953614e-18
3162.277660168379,3.019951720402016,0.05899605465517071,-1.1046979923875918e-16,4.538244635811865e-17,-0.09297179496067137,0.029498027327585354,0.013051860875395786,0.01644616645218957,0.280770332140343,0.4424655496603401,0.0
3162.277660168379,3.0725573652674467,0.059450296583319,-1.1002573707003177e-16,4.5458938394571025e-17,-0.09287603235389169,0.0297251482916595,0.013251874449113205,0.016473273842546293,0.2853669372657676,0.4458135690051886,0.0
3162.277660168379,3.126079367123955,0.0599114917763796,-1.0957364417918717e-16,4.553634132669844e-17,-0.09277880387015885,0.0299557458881898,0.013454499369952492,0.016501246518237304,0.29003390448494376,0.44914586404129553,0.0
3162.277660168379,3.1805336883295205,0.06037973075824765,-1.0911337525447076e-16,4.5614658420287433e-17,-0.0926800904253601,0.030189865379123826,0.013659754750805962,0.016530110628317867,0.29477214983528405,0.45246159859499174,-3.469446951953614e-18
3162.277660168379,3.2359365692962827,0.060855104706266254,-1.0864478248637308e-16,4.569389265926059e-17,-0.09257987279762375,0.030427552353133127,0.013867659313486205,0.016559893039646924,0.29958259596662884,0.4557599360126728,0.0
3162.277660168379,3.2923045333340646,0.06133770543732145,-1.0816771553469182e-16,4.5774046733525304e-17,-0.09247813163025063,0.030668852718660725,0.014078231365612167,0.01659062135304856,0.3044661720005385,0.45904003957233613,-3.469446951953614e-18
3162.277660168379,3.3496543915782766,0.06182762539312891,-1.0768202149573723e-16,4.5855123026550175e-17,-0.09237484743481593,0.030913812696564454,0.014291488776903097,0.016622323919661355,0.30942381338140446,0.46230107289520306,0.0
3162.277660168379,3.4080032480036495,0.06232495762469139,-1.0718754486971899e-16,4.5937123602668936e-17,-0.09227000059444582,0.031162478812345695,0.014507448954877574,0.016655029857468126,0.31445646171917,0.4655422003569925,-6.938893903907228e-18
3162.277660168379,3.4673685045253166,0.0628297957759067,-1.0668412752835263e-16,4.6020050194112775e-17,-0.09216357136727323,0.03141489788795335,0.014726128819955511,0.01668876906799784,0.31956506462345446,0.46876258749841526,-3.469446951953614e-18
3162.277660168379,3.5277678661887393,0.06334223406630526,-1.0617160868272778e-16,4.6103904187771684e-17,-0.09205553989007707,0.03167111703315263,0.01494754477996167,0.01672357225319096,0.32475057552886955,0.47196140143446497,0.0
3162.277660168379,3.5892193464500517,0.06386236727289679,-1.0564982485148012e-16,4.6188686611686353e-17,-0.09194588618210933,0.031931183636448396,0.015171712704029934,0.016759470932418464,0.3300139535113213,0.47513781126208937,-3.469446951953614e-18
3162.277660168379,3.651741272548377,0.06439029071110534,-1.0511860982931334e-16,4.627439812127234e-17,-0.09183459014911424,0.03219514535555267,0.015398647895908326,0.016796497459644344,0.3353561630950851,0.47829098846582885,0.0
3162.277660168379,3.715352290971725,0.06492610021477188,-1.0457779465591754e-16,4.636103898527879e-17,-0.09172163158754422,0.03246305010738594,0.015628365066665557,0.016834685040720384,0.34077817405044697,0.48142010732102514,0.0
3162.277660168379,3.7800713730181115,0.06546989211520395,-1.0402720758533392e-16,4.6448609071484145e-17,-0.09160699018897642,0.03273494605760197,0.01586087830680069,0.016874067750801275,0.34628096118170076,0.48452434529420435,6.938893903907228e-18
3162.277660168379,3.8459178204535354,0.06602176321925174,-1.0346667405581776e-16,4.6537107832132545e-17,-0.0914906455447349,0.03301088160962587,0.01609620105775845,0.01691468055186742,0.3518655041052938,0.48760288344025465,0.0
3162.277660168379,3.91291127126853,0.06658181078639022,-1.0289601666025268e-16,4.662653428911403e-17,-0.09137257715072199,0.03329090539319511,0.01633434608285347,0.01695655931034163,0.3575327870179134,0.49065490679602614,1.0408340855860843e-17
3162.277660168379,3.9810717055349722,0.06715013250478659,-1.0231505511717407e-16,4.6716887018893323e-17,-0.09125276441246376,0.033575066252393294,0.016575325437607973,0.016999740814785315,0.36328379845430814,0.4936796047699966,6.938893903907228e-18
3162.277660168379,4.050419451364931,0.06772682646633356,-1.0172360624245867e-16,4.6808164137191736e-17,-0.09113118665037351,0.03386341323316678,0.0168191504395081,0.01704426279365868,0.369119531034641,0.4966761715276519,-3.469446951953614e-18
3162.277660168379,4.120975190973302,0.06831199114062783,-1.0112148392174292e-16,4.690036328342758e-17,-0.09100782310523747,0.034155995570313916,0.017065831637185405,0.01709016393312851,0.37504098120117046,0.4996438063722515,0.0
3162.277660168379,4.192759966846054,0.06890572534787437,-1.0050849908363306e-16,4.69934816049214e-17,-0.09088265294392724,0.034452862673937185,0.017315378779031,0.017137483894906182,0.3810491489440618,0.5025817141206583,3.469446951953614e-18
3162.277660168379,4.265795188015926,0.06950812823069712,-9.988445967377299e-17,4.708751574087237e-17,-0.09075565526534247,0.03475406411534856,0.017567800781250992,0.017186263334097562,0.38714503751613016,0.5054891054739253,3.469446951953614e-18
3162.277660168379,4.340102636447438,0.07011929922483663,-9.924917062983922e-17,4.718246180611342e-17,-0.09062680910658845,0.035059649612418316,0.017823105695373105,0.01723654391704521,0.3933296531363232,0.5083651973823511,0.0
3162.277660168379,4.4157044735331255,0.0707393380287164,-9.860243385753393e-17,4.727831537465299e-17,-0.09049609344939201,0.0353696690143582,0.01808130067521556,0.01728836833914264,0.39960400468175206,0.5112092134047258,3.469446951953614e-18
3162.277660168379,4.492623246702934,0.07136834457185892,-9.794404820765028e-17,4.737507146301212e-17,-0.09036348722676006,0.03568417228592946,0.018342391943330632,0.01734178034259883,0.40596910336808584,0.5140203840615122,0.0
3162.277660168379,4.570881896148749,0.07200641898213407,-9.727380945428648e-17,4.7472724513366567e-17,-0.09022896932988417,0.036003209491067036,0.018606384756936628,0.017396824734130407,0.41242596241812823,0.5167979471817135,0.0
3162.277660168379,4.650503761666063,0.07265366155182228,-9.65915102742887e-17,4.7571268376503914e-17,-0.09009251861529519,0.03632683077591114,0.018873283373353436,0.017453547402557702,0.41897559671840007,0.5195411482432041,0.0
3162.277660168379,4.731512589614804,0.0733101727024751,-9.589694022800427e-17,4.7670696294606705e-17,-0.08995411391227112,0.03665508635123755,0.019143091014958053,0.0175119953362795,0.425619022463555,0.5222492407063104,-3.469446951953614e-18
3162.277660168379,4.813932540001447,0.07397605294855812,-9.518988574143061e-17,4.777100088387377e-17,-0.08981373403050207,0.03698802647427906,0.01941580983367853,0.017572216640600522,0.43235725678846926,0.5249214863404514,6.938893903907228e-18
3162.277660168379,4.897788193684462,0.07465140285985898,-9.447013008984778e-17,4.787217411699193e-17,-0.08967135776801519,0.03732570142992949,0.019691440875045464,0.017634260554884026,0.43919131738784023,0.5275571555436583,0.0
3162.277660168379,4.983104559705295,0.07533632302264716,-9.373745338302443e-17,4.7974207305471807e-17,-0.08952696391936292,0.03766816151132358,0.01996998404182258,0.017698177469501003,0.44612222212314884,0.5301555276548159,-3.469446951953614e-18
3162.277660168379,5.069907082747043,0.0760309139995702,-9.299163255209184e-17,4.807709108186236e-17,-0.0893805312840777,0.0380154569997851,0.020251438057239068,0.01776401894254603,0.45315098861683917,0.5327158912584834,0.0
3162.277660168379,5.158221650723057,0.07673527628827373,-9.2232441338181e-17,4.8180815381858865e-17,-0.08923203867539556,0.038367638144136865,0.020535800427848232,0.017831837716288636,0.46027863383358253,0.5352375444821693,-3.469446951953614e-18
3162.277660168379,5.248074602497725,0.0774495102787325,-9.145965028292256e-17,4.828536942632116e-17,-0.0890814649292515,0.03872475513936625,0.020823067406038554,0.017901687733327686,0.4675061736484966,0.5377197952859499,6.938893903907228e-18
3162.277660168379,5.339492735741765,0.078173716209281,-9.067302672091111e-17,4.839074170321899e-17,-0.08892878891354918,0.0390868581046405,0.02111323395222542,0.01797362415241508,0.47483462240220864,0.5401619617443438,0.0
3162.277660168379,5.432503314924332,0.0789079941213332,-8.987233477423845e-17,4.849691994952242e-17,-0.08877398953770665,0.0394539970606666,0.021406293696752964,0.01804770336391363,0.4822649924426493,0.5425633723203631,6.938893903907228e-18
3162.277660168379,5.527134079444348,0.0796524438127817,-8.90573353492036e-17,4.860389113305686e-17,-0.08861704576248086,0.03982622190639085,0.02170223890153806,0.018123983004852788,0.4897982936534873,0.5449233661316877,3.469446951953614e-18
3162.277660168379,5.62341325190349,0.08040716479006846,-8.822778613530879e-17,4.871164143434236e-17,-0.08845793661007191,0.04020358239503423,0.02200106042148976,0.018202521973544473,0.4974355329691173,0.5472412932089165,-3.469446951953614e-18
3162.277660168379,5.721369546523263,0.08117225621891926,-8.73834416066552e-17,4.8820156228438515e-17,-0.08829664117450918,0.04058612810945963,0.022302747665739708,0.01828338044371992,0.5051777138761289,0.5495165147458716,0.0
3162.277660168379,5.821032177708714,0.08194781687373658,-8.652405302585332e-17,4.892942006681696e-17,-0.08813313863232021,0.04097390843686829,0.02260728855872116,0.018366619878147125,0.5130258359011989,0.5517484033419457,3.469446951953614e-18
3162.277660168379,5.922430868761306,0.08273394508564623,-8.564936845056596e-17,4.903941665928486e-17,-0.08796740825348354,0.041366972542823115,0.02291466950113582,0.018452303041687292,0.520980894085359,0.5539363432364923,3.469446951953614e-18
3162.277660168379,6.025595860743578,0.0835307386891943,-8.475913274280457e-17,4.915012885598333e-17,-0.08779942941266586,0.04176536934459715,0.023224875330850138,0.018540494013747005,0.5290438784446073,0.5560797305352826,1.0408340855860843e-17
3162.277660168379,6.130557921498207,0.08433829496769292,-8.385308758110185e-17,4.9261538629486223e-17,-0.08762918160074419,0.04216914748384646,0.023537889283764574,0.018631258200081883,0.5372157734168472,0.5581779734290603,3.469446951953614e-18
3162.277660168379,6.237348354824191,0.08515671059721494,-8.293097147568563e-17,4.9373627057025705e-17,-0.08745664443661286,0.04257835529860747,0.023853692954701456,0.01872466234390601,0.5454975572951515,0.560230492404238,3.469446951953614e-18
3162.277660168379,6.345999009812869,0.08598608158923832,-8.199251978678201e-17,4.948637430287189e-17,-0.08728179767927506,0.04299304079461916,0.02417226625835916,0.018820774536260007,0.5538902016473667,0.5622367204457999,-1.0408340855860843e-17
3162.277660168379,6.456542290346555,0.08682650323194413,-8.103746474617701e-17,4.959975960089508e-17,-0.08710462124021834,0.043413251615972065,0.02449358739038241,0.018919664225589647,0.5623946707220885,0.5641961032324756,6.938893903907228e-18
3162.277660168379,6.569011164762664,0.08767807003017261,-8.006553548216861e-17,4.971376123734049e-17,-0.08692509519607307,0.043839035015086306,0.0248176327886009,0.0190214022264854,0.5710119208410613,0.5661080993242762,6.938893903907228e-18
3162.277660168379,6.6834391756861455,0.08854087564404403,-7.90764580480425e-17,4.9828356533845516e-17,-0.08674319980155216,0.044270437822022016,0.025144377094489936,0.01912606072753207,0.5797428997780644,0.5679721803424778,1.0408340855860843e-17
3162.277660168379,6.799860450033224,0.0894150128262533,-7.8069955454207e-17,4.994352183073197e-17,-0.08655891550267066,0.04470750641312665,0.0254737931149099,0.019233713298216763,0.5885885461243778,0.5697878311421657,-1.0408340855860843e-17
3162.277660168379,6.918309709189364,0.09030057335804852,-7.704574770412358e-17,5.005923247060553e-17,-0.08637222295024247,0.04515028667902426,0.025805851784182373,0.01934443489484189,0.5975497886409309,0.5715545499774457,-3.469446951953614e-18
3162.277660168379,7.038822279364568,0.09119764798390655,-7.600355183417155e-17,5.017546278229673e-17,-0.08618310301365213,0.04559882399195327,0.026140522126564078,0.019458301865389195,0.6066275455972663,0.5732718486594531,0.0
3162.277660168379,7.16143410212902,0.09210632634492028,-7.494308195758575e-17,5.029218606517812e-17,-0.085991536794898,0.04605316317246014,0.02647777121918074,0.019575391953279397,0.615822724097465,0.5749392527072817,0.0
3162.277660168379,7.286181745132276,0.09302669691091418,-7.386404931260795e-17,5.0409374573893396e-17,-0.0857975056429034,0.04651334845545709,0.02681756415548595,0.01969578429997115,0.6251362193932062,0.576556301491978,-6.938893903907228e-18
3162.277660168379,7.413102413009175,0.09395884691130846,-7.276616231499231e-17,5.052699950353603e-17,-0.08560099116809188,0.04697942345565423,0.02715986400931192,0.019819559446342314,0.634568914184159,0.5781225483737409,-6.938893903907228e-18
3162.277660168379,7.542233958475707,0.09490286226475204,-7.164912661500732e-17,5.064503097531463e-17,-0.08540197525722185,0.04745143113237602,0.02750463179958083,0.019946799332795195,0.6441216779059207,0.5796375608324797,-3.469446951953614e-18
3162.277660168379,7.67361489361819,0.09585882750754968,-7.051264515907501e-17,5.076343802274433e-17,-0.08520044008847541,0.04792941375377484,0.027851826455747845,0.020077587298026993,0.6537953660057492,0.5811009205918836,0.0
3162.277660168379,7.807284401379067,0.09682682572090899,-6.935641825618974e-17,5.0882188578404e-17,-0.08499636814679613,0.048413412860454495,0.028201404784048652,0.020212008076405833,0.6635908192063541,0.5825122237371617,1.0408340855860843e-17
3162.277660168379,7.943282347242813,0.09780693845703672,-6.818014364925765e-17,5.100124946129977e-17,-0.08478974223946927,0.04890346922851836,0.028553321434626338,0.020350147793892027,0.6735088627580446,0.5838710808266194,-3.469446951953614e-18
3162.277660168379,8.081649291125371,0.09879924566411587,-6.698351659149775e-17,5.112058636487643e-17,-0.08458054551193789,0.049399622832057934,0.02890752886961412,0.020492093962443815,0.68355030567955,0.5851771169972284,0.0
3162.277660168379,8.22242649947071,0.0998038256101981,-6.576622992804416e-17,5.1240163845719504e-17,-0.08436876146384796,0.04990191280509905,0.0292639773322527,0.02063793547284635,0.6937159399878667,0.5864299720643668,0.0
3162.277660168379,8.3656559575581,0.10082075480604845,-6.452797418288823e-17,5.1359945312990254e-17,-0.08415437396531392,0.050410377403024224,0.029622614817122028,0.020787762585902196,0.7040065399175007,0.5876293006158868,0.0
3162.277660168379,8.511380382023763,0.1018501079269825,-6.326843765129748e-17,5.147989301863819e-17,-0.08393736727339697,0.05092505396349125,0.029983387041569564,0.020941666921921682,0.7144228611295144,0.5887747721006834,3.469446951953614e-18
3162.277660168379,8.659643233600653,0.10289195773373823,-6.198730649784566e-17,5.159996804843517e-17,-0.08371772604878668,0.051445978866869115,0.0303462374184182,0.021099741448450917,0.7249656399108086,0.5898660709119287,-3.469446951953614e-18
3162.277660168379,8.81048873008014,0.10394637499242898,-6.068426486018724e-17,5.1720130313876094e-17,-0.08349543537267644,0.05197318749621449,0.03071110703003865,0.021262080466175847,0.7356355923641004,0.5909028964651344,-6.938893903907228e-18
3162.277660168379,8.9639618594995,0.10501342839362525,-5.935899495870503e-17,5.184033854499174e-17,-0.08327048076382246,0.052506714196812625,0.031077934603872384,0.021428779592940247,0.7464334135890913,0.5918849632712104,-6.938893903907228e-18
3162.277660168379,9.120108393559097,0.10609318447061777,-5.8011177212158e-17,5.196055028411994e-17,-0.08304284819577548,0.05304659223530889,0.031446656489492436,0.02159993574581645,0.7573597768553458,0.5928120010046735,0.0
3162.277660168379,9.27897490127331,0.10718570751691602,-5.664049035945142e-17,5.2080721880681006e-17,-0.08281252411427362,0.05359285375845801,0.03181720663729042,0.021775647121167592,0.7684153327674357,0.5936837545671664,-6.938893903907228e-18
3162.277660168379,9.440608762859233,0.10829105950303977,-5.5246611587648335e-17,5.2200808487004306e-17,-0.08257949545478416,0.054145529751519886,0.032189516578878904,0.021956013172640974,0.7796007084229295,0.5944999841464351,6.938893903907228e-18
3162.277660168379,9.605058183867305,0.10940929999266484,-5.3829216666335854e-17,5.232076405525276e-17,-0.08234374966018167,0.05470464999633242,0.032563515409299484,0.022141134587032936,0.7909165065638485,0.5952604652709166,0.0
3162.277660168379,9.772372209558107,0.1105404860581871,-5.2387980088455435e-17,5.2440541335491983e-17,-0.0821052746985487,0.05527024302909355,0.03293912977112708,0.022331113257966467,0.8023633047222316,0.5959649888600697,0.0
3162.277660168379,9.942600739529565,0.11168467219577073,-5.0922575217700066e-17,5.2560091874950936e-17,-0.08186405908108502,0.055842336097885366,0.03331628384056153,0.022526052257323834,0.8139416543604879,0.5966133612705925,0.0
3162.277660168379,10.115794542598982,0.11284191023995274,-4.943267444257536e-17,5.267936601852126e-17,-0.08162009188011077,0.05642095511997637,0.033694899315598235,0.022726055804378135,0.825652080007252,0.5972054043386487,0.0
3162.277660168379,10.29200527194428,0.11401224927787543,-4.791794933721557e-17,5.279831291054112e-17,-0.08137336274714772,0.057006124638937714,0.03407489540636898,0.02293122923256874,0.8374950783894787,0.5977409554182239,-6.938893903907228e-18
3162.277660168379,10.471285480508996,0.11519573556322407,-4.6378070829036886e-17,5.291688049791038e-17,-0.0811238619310628,0.057597867781612036,0.03445618882774458,0.02314167895386746,0.8494711175615544,0.598219867415728,-3.469446951953614e-18
3162.277660168379,10.65368863667563,0.11639241242994988,-4.4812709373304264e-17,5.3035015534582623e-17,-0.08087158029625698,0.05819620621497494,0.03483869379429048,0.023357512420684463,0.8615806360322338,0.5986420088209435,0.0
3162.277660168379,10.839269140212034,0.11760232020586041,-4.3221535134677974e-17,5.3152663587479264e-17,-0.08061650934088192,0.058801160102930204,0.03522232201766573,0.023578838085264477,0.8738240418902365,0.5990072637344194,-3.469446951953614e-18
3162.277660168379,11.028082338495519,0.11882549612616351,-4.160421817579974e-17,5.326976904386989e-17,-0.08035864121506657,0.059412748063081756,0.035606982706555164,0.023805765356526593,0.8862017119293737,0.5993155318913929,0.0
3162.277660168379,11.220184543019636,0.12006197424705414,-3.9960428652965304e-17,5.338627512026316e-17,-0.0800979687391346,0.06003098712352707,0.03599258256922371,0.024038404554303366,0.8987139907741081,0.5995667286823219,-6.938893903907228e-18
3162.277660168379,11.415633046188454,0.12131178535943601,-3.828983701892387e-17,5.3502123872850196e-17,-0.07983448542179358,0.06065589267971801,0.036379025818780275,0.024276866860937732,0.9113611900064772,0.5997607851700881,0.0
3162.277660168379,11.614486138403427,0.12257495690287287,-3.6592114232831385e-17,5.3617256209542434e-17,-0.07956818547827552,0.061287478451436436,0.03676621418123741,0.024521264270199024,0.9241435872953438,0.5998976481039366,0.0
3162.277660168379,11.816803125447837,0.12385151287986779,-3.486693197737556e-17,5.3731611903644155e-17,-0.0792990638484085,0.06192575643993389,0.03715404690645089,0.024771709533483007,0.9370614255289611,0.5999772799301885,-3.469446951953614e-18
3162.277660168379,12.02264434617413,0.12514147377057105,-3.311396288307692e-17,5.3845129609198256e-17,-0.07902711621459771,0.06257073688528553,0.03754242078202171,0.025028316103263823,0.9501149119518791,0.5999996587997733,-6.938893903907228e-18
3162.277660168379,12.232071190499314,0.12644485644802084,-3.133288075975899e-17,5.395774687804308e-17,-0.07875233901969439,0.06322242822401042,0.037931230150240504,0.025291198073769915,0.9633042173072387,0.5999647785726,0.0
3162.277660168379,12.44514611771385,0.12776167409402248,-2.9523360835167117e-17,5.406940017861546e-17,-0.07847472948472994,0.06388083704701124,0.03832036692815171,0.025560470118859528,0.9766294749855315,0.5998726488187835,0.0
3162.277660168379,12.661932675109442,0.1290919361157758,-2.7685080000702747e-17,5.4180024916533754e-17,-0.07819428562649254,0.0645459680578879,0.03870972063081211,0.025836247427075788,0.9900907801809266,0.5997232948167326,3.469446951953614e-18
3162.277660168379,12.882495516931336,0.13043564806336194,-2.5817717064223946e-17,5.4289555456992795e-17,-0.07791100627492235,0.06521782403168097,0.03909917839781528,0.0261186456338657,1.0036881890562963,0.59951675754809,-6.938893903907228e-18
3162.277660168379,13.106900423660766,0.1317928115482039,-2.3920953009850353e-17,5.439792514899982e-17,-0.07762489109030156,0.06589640577410195,0.039488625023149794,0.026407780750952157,1.0174217179180944,0.5992530936895086,3.469446951953614e-18
3162.277660168379,13.33521432163324,0.13316342416261623,-2.199447126469504e-17,5.45050663514788e-17,-0.07733594058021483,0.06658171208130811,0.039877942988455505,0.02670376909285262,1.031291342402258,0.5989323756012378,-1.0408340855860843e-17
3162.277660168379,13.567505302998619,0.1345474794005638,-2.003795797242776e-17,5.461091046126767e-17,-0.07704415611625477,0.0672737397002819,0.040267012499738006,0.027006727200543895,1.04529699667234,0.5985546913124746,0.0
3162.277660168379,13.803842646028846,0.13594496657974847,-1.8051102273561847e-17,5.47153879430303e-17,-0.07674953995044762,0.06797248328987424,0.04065571152759727,0.02731677176227696,1.0594385726310833,0.5981201445034404,6.938893903907228e-18
3162.277660168379,14.044296835779473,0.13735587076514685,-1.603359659233591e-17,5.4818428361102225e-17,-0.07645209523137271,0.06867793538257343,0.041043915851021386,0.027634019531552048,1.0737159191466787,0.5976288544841144,-6.938893903907228e-18
3162.277660168379,14.288939585111029,0.1387801726941232,-1.398513693004747e-17,5.4919960413286424e-17,-0.07615182601995028,0.0693900863470616,0.041431499104791776,0.02795858724226983,1.0881288412949557,0.5970809561695586,0.0
3162.277660168379,14.537843856076613,0.14021784870324175,-1.1905423164676653e-17,5.501991196661151e-17,-0.07584873730487057,0.07010892435162087,0.04181833283054078,0.028290591521080093,1.1026770996187816,0.5964766000517588,0.0
3162.277660168379,14.791083881682072,0.1416688706569073,-9.794159356618628e-18,5.511821009506256e-17,-0.07554283501763787,0.07083443532845365,0.04220428653149704,0.028630148796956613,1.1173604094059515,0.5958159521678844,0.0
3162.277660168379,15.048735188025137,0.14313320587795977,-7.651054060328525e-18,5.521478111929002e-17,-0.07523412604720241,0.07156660293897989,0.042589227730947955,0.028977375208031928,1.1321784399868533,0.5950991940648765,3.469446951953614e-18
3162.277660168379,15.310874616820303,0.14461081708035278,-5.475820641659613e-18,5.530955064829936e-17,-0.07492261825415293,0.07230540854017639,0.04297302203444284,0.029332386505733547,1.1471308140532277,0.5943265227602572,6.938893903907228e-18
3162.277660168379,15.577580348316019,0.14610166230404587,-3.2681776006590866e-18,5.5402443623120224e-17,-0.07460832048444273,0.07305083115202293,0.04335553319575351,0.02969529795626943,1.1622171069993186,0.5934981506990411,-1.0408340855860843e-17
3162.277660168379,15.848931924611133,0.14760569485223954,-1.027848899565159e-18,5.549338436244954e-17,-0.07429124258262146,0.07380284742611977,0.043736623186602465,0.030066224239517318,1.1774368462867393,0.5926143057066321,-1.3877787807814457e-17
3162.277660168379,16.125010273377416,0.14912286323108384,1.245435704269376e-18,5.558229661025953e-17,-0.07397139540454589,0.07456143161554192,0.044116152270161864,0.03044527934538005,1.1927895108343656,0.5916752309375736,6.938893903907228e-18
3162.277660168379,16.40589773199539,0.1506531110919907,3.5519403208236504e-18,5.566910358535678e-17,-0.07364879082954148,0.07532655554599535,0.04449397907831932,0.030832576467676023,1.2082745304345774,0.5906811848200165,6.938893903907228e-18
3162.277660168379,16.691678072110573,0.15219637717667978,5.891922585540251e-18,5.575372803287475e-17,-0.07332344177198763,0.07609818858833989,0.04486996069269862,0.031228227895641263,1.2238912851971624,0.5896324409957611,3.469446951953614e-18
3162.277660168379,16.98243652461744,0.15375259526508714,8.26563331347672e-18,5.583609227767746e-17,-0.07299536219229961,0.07687629763254357,0.04524395272941637,0.0316323449031272,1.239639105022188,0.5885292882557279,0.0
3162.277660168379,17.278259805078637,0.15532169412626554,1.0673316149833419e-17,5.59161182796473e-17,-0.0726645671072796,0.07766084706313277,0.045615809427547074,0.0320450376355857,1.2555172691031484,0.5873720304707036,-6.938893903907228e-18
3162.277660168379,17.57923613958692,0.15690359747240373,1.3115207217232546e-17,5.599372769082594e-17,-0.07233107259981035,0.07845179873620187,0.04598538374126121,0.03246641499494066,1.2715250054616714,0.5861609865172038,0.0
3162.277660168379,17.88545529107771,0.15849822391609125,1.5591534760144714e-17,5.606884191437195e-17,-0.07199489582786457,0.07924911195804563,0.04635252743559261,0.032896584522453004,1.2876614905150692,0.5848964901982949,1.3877787807814457e-17
3162.277660168379,18.197008586099834,0.1601054869309519,1.810251878687645e-17,5.614138216529407e-17,-0.071656055032804,0.08005274346547595,0.046717091185782385,0.03333565227969356,1.3039258486779768,0.5835788901592098,0.0
3162.277660168379,18.513988942052713,0.16172529481577022,2.0648370709555487e-17,5.621126953291479e-17,-0.07131456954694229,0.08086264740788511,0.047078924680138814,0.033783722727746296,1.3203171519993386,0.5822085497975922,0.0
3162.277660168379,18.836490894898002,0.16335755066223037,2.3229292982566466e-17,5.627842504501333e-17,-0.07097045980034627,0.08167877533111519,0.04743787672634316,0.034240898604772016,1.3368344198359472,0.5807858471682044,6.938893903907228e-18
3162.277660168379,19.164610627353863,0.1650021523263843,2.5845478739909444e-17,5.634276973359234e-17,-0.07062374732685098,0.08250107616319215,0.047793795361122486,0.03470728080206966,1.3534766185637221,0.5793111748819306,0.0
3162.277660168379,19.498445997580454,0.16665899240396537,2.8497111431973525e-17,5.6404224702208e-17,-0.07027445476926389,0.08332949620198268,0.04814652796320172,0.03518296823878096,1.3702426613279022,0.5777849399989071,0.0
3162.277660168379,19.838096568365053,0.16832795820965843,3.1184364462233514e-17,5.646271119479791e-17,-0.06992260588373535,0.08416397910482921,0.04849592136943843,0.035668057735390786,1.3871314078332722,0.5762075639156158,0.0
3162.277660168379,20.183663636815606,0.17000893176043447,3.3907400824396653e-17,5.651815066593634e-17,-0.06956822554327181,0.08500446588021723,0.04884182199403387,0.03616264388618337,1.404141664175522,0.574579482245775,-6.938893903907228e-18
3162.277660168379,20.53525026457146,0.17170178976305386,3.666637274054102e-17,5.657046485244134e-17,-0.06921133974037046,0.08585089488152693,0.04918407595070552,0.036666818930821424,1.4212721827147876,0.5729011446948675,-1.3877787807814457e-17
3162.277660168379,20.892961308540386,0.1734064036058388,3.946142130080612e-17,5.661957584625371e-17,-0.0688519755887536,0.0867032018029194,0.04952252917769685,0.03718067262522255,1.438521661992396,0.571173014928145,0.0
3162.277660168379,21.256903452171066,0.1751226393548112,4.229267610520811e-17,5.666540616850246e-17,-0.06849016132418309,0.0875613196774056,0.0498570275654914,0.03770429211191421,1.4558887466917807,0.5693955704319581,-6.938893903907228e-18
3162.277660168379,21.6271852372702,0.1768503577542849,4.5160254908167316e-17,5.670787884466688e-17,-0.06812592630433524,0.08842517887714245,0.0501874170870883,0.03823776179005413,1.4733720276444768,0.5675693023682595,2.0816681711721685e-17
3162.277660168379,22.003917096373986,0.17858941423200106,4.80642632663507e-17,5.674691748074103e-17,-0.0677593010077184,0.08929470711600053,0.05051354393068939,0.03878116318531114,1.490970041882086,0.5656947154221414,0.0
3162.277660168379,22.38721138568339,0.1803396589088845,5.100479419044032e-17,5.67824463403009e-17,-0.06739031703161591,0.09016982945444225,0.05083525463463689,0.03933457481980536,1.508681272735005,0.563772327642264,6.938893903907228e-18
3162.277660168379,22.77718241857322,0.1821009366134983,5.398192780145428e-17,5.681439042237156e-17,-0.06701900708903906,0.09105046830674915,0.051152396224434835,0.03989807208231433,1.5265041499786944,0.5618026702740544,-1.3877787807814457e-17
3162.277660168379,23.173946499684785,0.18387308690126314,5.699573099225141e-17,5.684267553998558e-17,-0.06664540500467508,0.09193654345063157,0.051464816351676344,0.04047172709895522,1.544437050028165,0.5597862875855466,6.938893903907228e-18
3162.277660168379,23.577621959612546,0.18565594407850605,6.004625709486464e-17,5.686722839932133e-17,-0.06626954570981734,0.09282797203925303,0.051772363434693304,0.04105560860455972,1.5624782961813368,0.5577237366857585,0.0
3162.277660168379,23.9883291901949,0.18744933723139404,6.313354555431126e-17,5.688797667930512e-17,-0.06589146523626557,0.09372466861569702,0.05207488680073515,0.04164978181496187,1.580626158911822,0.5556155873354952,-6.938893903907228e-18
3162.277660168379,24.4061906804198,0.1892530902598017,6.625762160953625e-17,5.690484911155735e-17,-0.06551120070918592,0.09462654512990085,0.05237223682947734,0.04225430830042351,1.5988788562116445,0.553462421750494,0.0
3162.277660168379,24.831331052955704,0.19106702191615532,6.941849598214687e-17,5.691777556055962e-17,-0.06512879033892197,0.09553351095807766,0.0526642650976522,0.04286924586042547,1.6172345539843145,0.5512648343968276,-6.938893903907228e-18
3162.277660168379,25.263877101318954,0.19289094584928898,7.261616457360316e-17,5.692668710391627e-17,-0.06474427341174897,0.09644547292464449,0.05295082452458821,0.04349464840005629,1.6356913664886186,0.5490234317784947,-6.938893903907228e-18
3162.277660168379,25.703957827688633,0.19472467065333984,7.585060817152666e-17,5.693151611258063e-17,-0.06435769027956587,0.09736233532666992,0.053231769518437465,0.04413056580823246,1.6542473568334077,0.5467388322171437,0.0
3162.277660168379,26.15170448137997,0.19656799992170224,7.912179216578971e-17,5.693219633091394e-17,-0.06396908234852074,0.09828399996085112,0.05350695612286506,0.04477704383798607,1.672900537523574,0.5444116656238875,-1.3877787807814457e-17
3162.277660168379,26.6072505979881,0.1984207323060535,8.24296662750485e-17,5.692866295644166e-17,-0.06357849206656709,0.09921036615302675,0.053776242163968396,0.04543412398905835,1.6916488710573487,0.5420425732631747,6.938893903907228e-18
3162.277660168379,27.070732039213564,0.20028266158045432,8.57741642843746e-17,5.692085271917052e-17,-0.06318596290995034,0.10014133079022716,0.054039487397189924,0.046101843393037224,1.7104902705749525,0.5396322075087069,1.3877787807814457e-17
3162.277660168379,27.542287033381662,0.2021535767105199,8.915520379463838e-17,5.690870396032703e-17,-0.0627915393686252,0.10107678835525995,0.05429655365398149,0.04678023470127847,1.7294226005585598,0.5371812315913967,-1.3877787807814457e-17
3162.277660168379,28.022056216667465,0.20403326192764848,9.257268598428568e-17,5.689215671037697e-17,-0.06239526693060688,0.10201663096382424,0.0545473049879753,0.047469325975848936,1.7484436775834384,0.5346903193393843,6.938893903907228e-18
3162.277660168379,28.510182675039083,0.20592149680828736,9.602649538414549e-17,5.687115276618451e-17,-0.06199719206526057,0.10296074840414368,0.05479160782041298,0.048169140583730716,1.7675512711200623,0.5321601549101393,-1.3877787807814457e-17
3162.277660168379,29.00681198693153,0.20781805635820413,9.951649966588906e-17,5.684563576716749e-17,-0.061597362205535175,0.10390902817910207,0.055029331084580524,0.04887969709452155,1.7867431043868809,0.5295914325146955,-6.938893903907228e-18
3162.277660168379,29.512092266663856,0.2097227111017267,1.0304254944475221e-16,5.681555127030664e-17,-0.06119582572915016,0.10486135555086334,0.05526034636899626,0.049601009181867085,1.8060168552533615,0.5269848561340793,0.0
3162.277660168379,30.026174208612677,0.21163522717590313,1.0660447809711601e-16,5.678084682386474e-17,-0.060792631938744755,0.10581761358795157,0.05548452805909591,0.05033308552885566,1.8253701571928211,0.5243411392280103,0.0
3162.277660168379,30.549211132155122,0.21355536642952558,1.1020210159352421e-16,5.674147203967303e-17,-0.06038783104100189,0.10677768321476279,0.05570175347715895,0.05107592973760383,1.8448006002844777,0.5216610044359699,6.938893903907228e-18
3162.277660168379,31.08135902739475,0.21548288652695355,1.138352183476979e-16,5.669737866384237e-17,-0.05998147412476044,0.10774144326347677,0.055911903020219866,0.0518295402432569,1.8643057322640675,0.5189451832707481,6.938893903907228e-18
3162.277660168379,31.622776601683793,0.21741754105666056,1.175036090820844e-16,5.664852064575754e-17,-0.05957361313813138,0.10870877052833028,0.056114860295707995,0.05259391023262228,1.883883059622263,0.5161944158046021,0.0
3162.277660168379,32.17362532695598,0.21935907964442453,1.2120703671046106e-16,5.659485420521501e-17,-0.05916430086463531,0.10967953982221226,0.05631051225456166,0.053369027567650607,1.9035300487500741,0.5134094503481649,0.0
3162.277660168379,32.73406948788381,0.22130724807106747,1.2494524623808392e-16,5.653633789756576e-17,-0.058753590898380746,0.11065362403553373,0.056498749321563305,0.05415487471397043,1.923244127130293,0.5105910431222759,0.0
3162.277660168379,33.30427623087463,0.22326178839464522,1.2871796467984827e-16,5.647293267672729e-17,-0.05834153761830421,0.11163089419732261,0.056679465522645266,0.054951428674677345,1.9430226845739669,0.5077399579229088,0.0
3162.277660168379,33.884415613920254,0.2252224390769783,1.3252490099690055e-16,5.640460195593116e-17,-0.05792819616149515,0.11261121953848915,0.056852558608918954,0.0557586609295702,1.9628630745008016,0.504856965779395,0.0
3162.277660168379,34.47466065731493,0.2271889351144071,1.3636574605211265e-16,5.633131166607652e-17,-0.05751362239563045,0.11359446755720355,0.05701793017718454,0.056576537380019026,1.982762615262308,0.5019428446061568,-1.3877787807814457e-17
3162.277660168379,35.0751873952568,0.22916100817264426,1.4024017258479461e-16,5.625303031156154e-17,-0.057097872890544875,0.11458050408632213,0.057175485786682155,0.05740501829963996,2.0027185915064143,0.49899837884818127,1.3877787807814457e-17
3162.277660168379,35.686174928348116,0.23113838672559187,1.441478352049944e-16,5.616972902347102e-17,-0.05668100488896607,0.11556919336279593,0.05732513507185218,0.058244058290943757,2.022728255582198,0.4960243591204843,-6.938893903907228e-18
3162.277660168379,36.30780547701014,0.23312079619798054,1.4808837040769468e-16,5.608138160999974e-17,-0.056263076276443336,0.11656039809899027,0.05746679185087657,0.059093606248113696,2.0427888289832885,0.493021581841821,6.938893903907228e-18
3162.277660168379,36.94026443582834,0.23510795911168178,1.5206139660718561e-16,5.598796460399872e-17,-0.055844145550502496,0.11755397955584089,0.057600374229782085,0.05995360532605879,2.0628975038284487,0.48999084886293076,1.3877787807814457e-17
3162.277660168379,37.583740428844415,0.23709959523553623,1.5606651419185298e-16,5.588945730753381e-17,-0.055424271789059225,0.11854979761776811,0.057725804701891745,0.06082399291587637,2.083051444377726,0.4869329670896027,0.0
3162.277660168379,38.23842536581127,0.23909542173853288,1.6010330559958164e-16,5.578584183335307e-17,-0.05500351461812602,0.11954771086926644,0.05784301024241996,0.061704700626846506,2.1032477885825207,0.4838487481008752,-2.7755575615628914e-17
3162.277660168379,38.904514499428046,0.2410951533461696,1.6417133541394132e-16,5.567710314316443e-17,-0.054581934178848525,0.1205475766730848,0.05795192239801553,0.06259565427506926,2.1234836496678398,0.4807390077626896,1.3877787807814457e-17
3162.277660168379,39.58220648357224,0.24309850249981632,1.682701504812753e-16,5.556322908263084e-17,-0.05415959109390889,0.12154925124990816,0.05805247737106583,0.06349677387884232,2.143756117744942,0.4776045658373374,1.3877787807814457e-17
3162.277660168379,40.271703432545905,0.24510517951889643,1.723992800487744e-16,5.544421041299707e-17,-0.05373654643333488,0.12255258975944822,0.05814461609858483,0.06440797366086337,2.1640622614524947,0.47444624558904647,1.3877787807814457e-17
3162.277660168379,40.97321098135416,0.24711489276569712,1.7655823592357702e-16,5.532004083926782e-17,-0.05331286167975473,0.12355744638284856,0.05822828432551957,0.06532916205732897,2.1843991296243415,0.4712648733860725,2.7755575615628914e-17
3162.277660168379,41.68693834703353,0.2491273488126133,1.8074651265289472e-16,5.5190717034865186e-17,-0.05288859869313915,0.12456367440630665,0.05830343267231928,0.06626024173398738,2.20476375298189,0.468061278299666,-1.3877787807814457e-17
3162.277660168379,42.41309839104881,0.2511422526116241,1.8496358772511713e-16,5.505623866269883e-17,-0.05246381967507246,0.12557112630581205,0.05837001669662345,0.06720110960918858,2.2251531458490907,0.4648362917002983,1.3877787807814457e-17
3162.277660168379,43.151907682776525,0.2531593076657961,1.8920892179180914e-16,5.491660839259128e-17,-0.05203858713259662,0.12657965383289804,0.05842799694893757,0.06815165688396047,2.2455643078879315,0.46159074685154605,0.0
3162.277660168379,43.90358656409445,0.255178216202604,1.9348195891046768e-16,5.47718319150065e-17,-0.05161296384167189,0.127589108101302,0.05847733902217649,0.0691117690791255,2.2659942258523182,0.45832547850203015,0.0
3162.277660168379,44.6683592150963,0.25719867934885593,1.9778212680786766e-16,5.462191795103972e-17,-0.05118701281029949,0.12859933967442796,0.05851801359496971,0.07008132607945826,2.2864398753581936,0.4550413224758264,-1.3877787807814457e-17
3162.277660168379,45.44645372095087,0.25922039730700386,2.0210883716377151e-16,5.4466878258632195e-17,-0.05076079724135198,0.12961019865350193,0.05854999646863452,0.0710602021848674,2.3068982226676735,0.45173911526176463,1.3877787807814457e-17
3162.277660168379,46.238102139926035,0.26124306953262183,2.0646148591474773e-16,5.430672763498447e-17,-0.05033438049515767,0.13062153476631091,0.05857326859773768,0.07204826616857325,2.327366226485001,0.4484196936020425,-1.3877787807814457e-17
3162.277660168379,47.0435405725976,0.2632663949128273,2.1083945357778857e-16,5.4141483915148457e-17,-0.049907826051885984,0.13163319745641364,0.05858781611417895,0.07304538134223469,2.347840839762042,0.4450838940805836,-1.3877787807814457e-17
3162.277660168379,47.86300923226383,0.2652900719454219,2.1524210559338198e-16,5.3971167966787854e-17,-0.04948119747378133,0.13264503597271096,0.05859363034474481,0.07405140562796617,2.3683190115110655,0.4417325527115788,-1.3877787807814457e-17
3162.277660168379,48.69675251658631,0.26731379891852525,2.1966879268764617e-16,5.379580368110417e-17,-0.04905455836729299,0.13365689945926262,0.05859070782209363,0.07506619163716897,2.388797688622505,0.43836650452864595,1.3877787807814457e-17
3162.277660168379,49.545019080479,0.2693372740904741,2.241188512530984e-16,5.3615417959934087e-17,-0.04862797234514905,0.13466863704523704,0.05857905028914901,0.07608958675608804,2.4092738176854147,0.4349865831750529,0.0
3162.277660168379,50.40806191026693,0.27136019586975957,2.2859160374758425e-16,5.3430040699032086e-17,-0.048201502988422205,0.13568009793487978,0.05855866469689119,0.07712143323798859,2.429744346808303,0.43159362049544403,0.0
3162.277660168379,51.28613839913648,0.2733822629947738,2.330863591108573e-16,5.323970476756102e-17,-0.04777521380863599,0.1366911314973869,0.05852956319555191,0.07816156830183499,2.450206227438042,0.42818844612951945,0.0
3162.277660168379,52.17951042390023,0.27540317471313885,2.376024131982598e-16,5.304444598382067e-17,-0.047349168209958756,0.13770158735656943,0.05849176311923128,0.07920982423733815,2.4706564161745486,0.42477188710810293,0.0
3162.277660168379,53.08844442309882,0.2774226309603917,2.421390492309194e-16,5.2844303087253734e-17,-0.046923429451533764,0.13871131548019586,0.05844528696397058,0.08026602851622529,2.4910918765789485,0.4213447674520465,-1.3877787807814457e-17
3162.277660168379,54.013211476463475,0.2794403325377987,2.4669553826183735e-16,5.2639317706775225e-17,-0.04649806060999238,0.13972016626889935,0.058390162359328035,0.08133000390957132,2.5115095809729344,0.41790790777440723,0.0
3162.277660168379,54.954087385762456,0.2814559812890777,2.5127113965721334e-16,5.242953432548082e-17,-0.046073124542197995,0.14072799064453884,0.05832642203351988,0.08240156861101898,2.5319065122270654,0.41446212488633527,-1.3877787807814457e-17
3162.277660168379,55.911352757055994,0.2834692802758054,2.558651015923171e-16,5.221500024179584e-17,-0.04564868384826673,0.1417346401379027,0.05825410377220106,0.08348053636570164,2.5522796655357656,0.4110082314070993,1.3877787807814457e-17
3162.277660168379,56.88529308438413,0.28547993395129373,2.6047666156119035e-16,5.1995765527135825e-17,-0.045224800834911275,0.14273996697564686,0.058173250370975746,0.08456671660467112,2.572626050176828,0.40754703537868125,0.0
3162.277660168379,57.87619883491206,0.2874876483327171,2.6510504689942213e-16,5.177188298015508e-17,-0.04480153747915301,0.14374382416635856,0.058083909581738605,0.08565991458461995,2.5929426912532243,0.40407933988535427,0.0
3162.277660168379,58.8843655355589,0.2894921311712837,2.6974947531923203e-16,5.154340807766891e-17,-0.04437895539244701,0.14474606558564185,0.05798613405296292,0.08675993153267893,2.6132266314151127,0.40060594267865807,0.0
3162.277660168379,59.910093861135366,0.29149309212024005,2.744091554560503e-16,5.131039892234003e-17,-0.0439571157852634,0.14574654606012002,0.05787998126406268,0.08786656479605734,2.6334749325599254,0.3971276358081745,0.0
3162.277660168379,60.953689724016904,0.29349024290050935,2.7908328742577686e-16,5.107291618722778e-17,-0.04353607943216784,0.14674512145025467,0.05776551345396865,0.08897960799628601,2.6536846775085126,0.39364520525849755,0.0
3162.277660168379,62.01546436537854,0.29548329746376395,2.8377106339186936e-16,5.083102305730446e-17,-0.04311590663744274,0.14774164873188197,0.05764279754406977,0.09009885118781223,2.6738529716553185,0.39015943059278124,-2.7755575615628914e-17
3162.277660168379,63.0957344480193,0.2974719721527423,2.8847166814139832e-16,5.058478516804881e-17,-0.0426966572012895,0.14873598607637115,0.05751190505568262,0.09122408102068852,2.693976944590673,0.38667108460323857,0.0
3162.277660168379,64.19482215080356,0.29945598585862326,2.9318427966918983e-16,5.0334270541233336e-17,-0.042278390386651155,0.14972799292931163,0.057372912022222555,0.09235508090708909,2.7140537516933136,0.38318093296895384,-1.3877787807814457e-17
3162.277660168379,65.31305526474722,0.3014350601752774,2.979080697691552e-16,5.007954951802608e-17,-0.04186116488669326,0.1507175300876387,0.05722589889625922,0.09349163119137947,2.7340805756912925,0.37968973392135413,0.0
3162.277660168379,66.45076729077795,0.3034089195502233,3.0264220463190668e-16,4.982069468953369e-17,-0.04144503879297957,0.15170445977511166,0.0570709504516504,0.09463350932346125,2.7540546281895497,0.37619823791767887,1.3877787807814457e-17
3162.277660168379,67.60829753919815,0.305377291432121,3.073858454477399e-16,4.9557780824916554e-17,-0.041030069564377644,0.1526886457160605,0.056908155680955426,0.09578049003510507,2.773973151162442,0.3727071873227674,1.3877787807814457e-17
3162.277660168379,68.78599123088074,0.3073399064146444,3.1213814901405775e-16,4.929088479721066e-17,-0.04061631399672795,0.1536699532073222,0.056737607688338625,0.0969323455189836,2.7938334184096276,0.36921731609946984,-1.3877787807814457e-17
3162.277660168379,69.98419960022734,0.3092964983765788,3.168982683463097e-16,4.902008550699575e-17,-0.040203828193308595,0.1546482491882894,0.05655940357818076,0.09808884561010862,2.813632736973756,0.365729349507978,1.3877787807814457e-17
3162.277660168379,71.20327999992026,0.31124680461800164,3.216653532915141e-16,4.874546380405128e-17,-0.039792667536126036,0.15562340230900082,0.05637364433962333,0.09924975796937746,2.833368448518519,0.36224400381434685,2.7755575615628914e-17
3162.277660168379,72.44359600749898,0.31319056599240763,3.2643855114343283e-16,4.846710240714592e-17,-0.03938288665806057,0.15659528299620382,0.05618043472727671,0.1004148482689271,2.8530379306656615,0.35876198600847153,0.0
3162.277660168379,73.70551753379343,0.31512752703465124,3.3121700725846877e-16,4.818508582210779e-17,-0.03897453941589366,0.15756376351732562,0.055979883138329196,0.10158388037899642,2.872638598289673,0.3552839935317595,1.3877787807814457e-17
3162.277660168379,74.98942093324558,0.3170574360845863,3.359998656713619e-16,4.7899500258325985e-17,-0.038567678864242574,0.15852871804229315,0.05577210148629861,0.10275661655599454,2.8921679047689253,0.35181071401472774,1.3877787807814457e-17
3162.277660168379,76.29568911615328,0.31898004540628966,3.407862697097675e-16,4.761043354383428e-17,-0.03816235723042563,0.15949002270314483,0.05555720507167228,0.10393281763147254,2.9116233431921383,0.348342825024733,1.3877787807814457e-17
3162.277660168379,77.62471166286916,0.3208951113027684,3.455753626068074e-16,4.731797503913025e-17,-0.037758625890279986,0.1604475556513842,0.05533531244968492,0.10511224320169928,2.93100244751913,0.3448809938240249,-1.3877787807814457e-17
3162.277660168379,78.97688493998855,0.3228023942260524,3.5036628811069607e-16,4.7022215549883456e-17,-0.03735653534495187,0.1614011971130262,0.0551065452954865,0.1062946518175397,2.9503027936948794,0.34142587713829925,-1.3877787807814457e-17
3162.277660168379,80.35261221856173,0.3247016588825906,3.5515819109056176e-16,4.672324723868689e-17,-0.03695613519867731,0.1623508294412953,0.05487102826695469,0.10747980117434061,2.969522000716058,0.3379781209359056,0.0
3162.277660168379,81.75230379436498,0.3265926743338706,3.599502181375889e-16,4.6421163536005706e-17,-0.03655747413756958,0.1632963371669353,0.054628888865407024,0.10866744830152829,2.988657731649229,0.3345383602178459,0.0
3162.277660168379,83.17637711026708,0.3284752140921954,3.6474151816063774e-16,4.611605905047727e-17,-0.03616059990942763,0.1642376070460977,0.05438025729446955,0.10985734975162814,3.0077076946000423,0.3311072188186855,0.0
3162.277660168379,84.62525688072692,0.3303490562115572,3.695312429755024e-16,4.58080294787155e-17,-0.035765559304578295,0.1651745281057786,0.05412526631735809,0.11104926178842053,3.026669643632811,0.32768530921847705,-2.7755575615628914e-17
3162.277660168379,86.09937521846003,0.3322139833735582,3.7431854788700476e-16,4.549717151477146e-17,-0.035372398137762495,0.1661069916867791,0.05386405111282774,0.11224294057395136,3.0455413796399697,0.3242732323657809,-1.3877787807814457e-17
3162.277660168379,87.5991717633117,0.33406978296833745,3.7910259226313186e-16,4.5183582759400414e-17,-0.03498116123107448,0.16703489148416872,0.053596749130045,0.11343814235412372,3.064320751160994,0.32087157751184464,0.0
3162.277660168379,89.12509381337455,0.33591624717046903,3.8388254010045545e-16,4.486736162928424e-17,-0.034591892397961066,0.16795812358523451,0.0533234999426347,0.11463462364259981,3.083005655150438,0.31748092205599315,0.0
3162.277660168379,90.6775964583905,0.33775317300980906,3.886575605800976e-16,4.4548607266354803e-17,-0.03420463442828566,0.16887658650490453,0.05304444510215153,0.115832141402753,3.1015940376948574,0.3141018314022531,0.0
3162.277660168379,92.25714271547629,0.3395803624372757,3.934268286135335e-16,4.422741944736262e-17,-0.03381942907446074,0.16979018121863784,0.05275972799122259,0.11703045322741525,3.120083894678453,0.31073485882722623,1.3877787807814457e-17
3162.277660168379,93.8642036672135,0.34139762238555443,3.981895253775505e-16,4.390389849383109e-17,-0.03343631703865003,0.17069881119277722,0.0524694936766039,0.1182293175161733,3.138473272397367,0.3073805453592054,2.7755575615628914e-17
3162.277660168379,95.49925860214358,0.34320476482472995,4.029448388377114e-16,4.357814518253399e-17,-0.03305533796104026,0.17160238241236497,0.05217388876238892,0.11942849364997607,3.156760268122637,0.3040394196685085,-1.3877787807814457e-17
3162.277660168379,97.16279515771058,0.34500160681285374,4.076919642597066e-16,4.325026065663031e-17,-0.0326765304091805,0.17250080340642687,0.051873061243602796,0.12062774216282407,3.1749430306119053,0.30071199796899123,0.0
3162.277660168379,98.85530946569385,0.3467879705414661,4.12430104708006e-16,4.292034633758664e-17,-0.03229993186838543,0.17339398527073305,0.051567160360410785,0.12182682491032228,3.1930197605700688,0.2973987839306831,-1.3877787807814457e-17
3162.277660168379,100.57730630017382,0.3485636833760952,4.171584715312536e-16,4.258850383801319e-17,-0.03192557873319729,0.1742818416880476,0.05125633645316247,0.12302550523488513,3.210988711059099,0.2941002686034713,1.3877787807814457e-17
3162.277660168379,102.32929922807536,0.35032857789176786,4.2187628483388995e-16,4.225483487553567e-17,-0.03155350629989961,0.17516428894588393,0.050940740818488754,0.12422354812739517,3.2288481878573876,0.29081693035174894,0.0
3162.277660168379,104.11181076233396,0.3520824919035711,4.2658277393351263e-16,4.1919441187820246e-17,-0.031183748760074178,0.17604124595178555,0.05062052556666022,0.12542072038512536,3.2465965497690092,0.2875492347999187,-2.7755575615628914e-17
3162.277660168379,105.92537251772886,0.3538252684923111,4.3127717780352143e-16,4.158242444886448e-17,-0.030816339195191684,0.17691263424615555,0.05029584348040983,0.1266167907657457,3.2642322088833677,0.2842976347886403,2.7755575615628914e-17
3162.277660168379,107.77052536943212,0.3555567560253262,4.3595874550064063e-16,4.124388618666224e-17,-0.030451309572224125,0.1777783780126631,0.04996684787541463,0.1278115301372485,3.2817536307858113,0.2810625703416841,-2.7755575615628914e-17
3162.277660168379,109.64781961431851,0.3572768081725095,4.406267365769257e-16,4.0903927702345144e-17,-0.030088690740266627,0.17863840408625475,0.04963369246262349,0.12900471162363125,3.2991593347197705,0.2778444686432492,0.0
3162.277660168379,111.55781513508519,0.3589852839176132,4.452804214759198e-16,4.0562649990898946e-17,-0.02972851242815457,0.1794926419588066,0.04929653121261084,0.13019611074619575,3.31644789370115,0.27464374402558717,0.0
3162.277660168379,113.50108156723144,0.36068204756490463,4.499190819126466e-16,4.022015366354639e-17,-0.029370803243060184,0.18034102378245231,0.048955518222126335,0.13138550556032597,3.33361793458568,0.2714607979667566,0.0
3162.277660168379,115.47819846894582,0.36236696874125346,4.54542011237167e-16,3.9876538871884656e-17,-0.02901559067005271,0.18118348437062673,0.048610807583004116,0.13257267678762263,3.350668138090039,0.2682960190983326,-2.7755575615628914e-17
3162.277660168379,117.48975549395291,0.36403992239373295,4.591485147814595e-16,3.953190523385812e-17,-0.028662901072603834,0.18201996119686648,0.048262553253584556,0.13375740794328192,3.367597238767585,0.2651497832228711,0.0
3162.277660168379,119.53635256737189,0.36570078878282847,4.637379101894285e-16,3.9186351761643004e-17,-0.02831275969401975,0.18285039439141423,0.047910908932794365,0.1349394854586199,3.3844040249396214,0.2620224533409266,-2.7755575615628914e-17
3162.277660168379,121.6186000646368,0.36734945347134157,4.683095277298645e-16,3.8839976791514534e-17,-0.02796519065978017,0.18367472673567078,0.04755602793702064,0.13611869879865013,3.4010873385831206,0.25891437968740943,0.0
3162.277660168379,123.73711899353519,0.3689858073090944,4.728627105922329e-16,3.849287791576105e-17,-0.027620216980763074,0.1844929036545472,0.04719806307990641,0.13729484057464078,3.417646075175942,0.25582589977705694,2.7755575615628914e-17
3162.277660168379,125.89254117941675,0.3706097464135324,4.773968151651835e-16,3.814515191670486e-17,-0.027277860557333878,0.1853048732067662,0.0468371665551854,0.1384677066515808,3.4340791835005433,0.252757338458788,0.0
3162.277660168379,128.08550945362785,0.37222117214633504,4.819112112977224e-16,3.7796894702883555e-17,-0.026938142184276374,0.18611058607316752,0.046473489822665484,0.13963709625050202,3.450385665407303,0.24970900797870194,0.0
3162.277660168379,130.31667784522986,0.37381999108614566,4.864052825430137e-16,3.74482012474396e-17,-0.026601081556541912,0.18690999554307283,0.04610718349746014,0.1408028120456127,3.466564575538558,0.2466812080514703,-2.7755575615628914e-17
3162.277660168379,132.58671177605595,0.37540611499753057,4.908784263848054e-16,3.709916552876111e-17,-0.026266697275793137,0.18770305749876529,0.0457383972425589,0.14196466025620638,3.4826150210144986,0.2436742259398719,0.0
3162.277660168379,134.89628825916532,0.3769794607962883,4.953300544465151e-16,3.6749880473411326e-17,-0.025935006857717716,0.18848973039814415,0.04536727966481908,0.14312245073332505,3.4985361610821184,0.24068833654221067,2.7755575615628914e-17
3162.277660168379,137.24609610075612,0.3785399505112261,4.997595926830394e-16,3.6400437901377666e-17,-0.02560602674008636,0.18926997525561304,0.04499397821445051,0.1442759970411625,3.5143272067284235,0.23772380248734754,2.7755575615628914e-17
3162.277660168379,139.63683610559377,0.380087511242526,5.041664815553691e-16,3.6050928473667776e-17,-0.025279772291530125,0.190043755621263,0.04461863908805824,0.14542511653320472,3.529987420259123,0.2347808742370807,2.7755575615628914e-17
3162.277660168379,142.06922128601815,0.38162207511682406,5.0855017618813725e-16,3.5701441642273404e-17,-0.02495625782101052,0.19081103755841203,0.04424140713529801,0.14656963042311402,3.5455161148440646,0.2318597901955992,0.0
3162.277660168379,144.5439770745928,0.38314357923912956,5.129101465102453e-16,3.535206560251797e-17,-0.02463549658795579,0.19157178961956478,0.043862425769190846,0.14770936385037392,3.5609126540306906,0.22896077682572988,0.0
3162.277660168379,147.06184154045604,0.3846519656417092,5.172458773787354e-16,3.500288724779979e-17,-0.024317500813037178,0.1923259828208546,0.04348183688013588,0.14884414594071874,3.5761764512267846,0.22608404877170335,0.0
3162.277660168379,149.6235656094433,0.38614718123006664,5.215568686861135e-16,3.465399212673625e-17,-0.024002281689557318,0.19307359061503332,0.043099780753650146,0.14997380986138323,3.591306969153819,0.22322980898814995,-5.551115123125783e-17
3162.277660168379,152.22991328804204,0.38762917772614486,5.258426354513392e-16,3.430546440271134e-17,-0.02368984939542423,0.19381458886307243,0.04271639599185841,0.15109819287121404,3.606303719272206,0.22039824887504733,-2.7755575615628914e-17
3162.277660168379,154.88166189124811,0.3890979116088826,5.301027078947312e-16,3.3957386815823325e-17,-0.02338021310568331,0.1945489558044413,0.042331819438746754,0.15221713636569453,3.6211662611797704,0.21758954841833378,0.0
3162.277660168379,157.57960227439236,0.3905533440522534,5.343366314970526e-16,3.360984064722473e-17,-0.02307338100557958,0.1952766720261267,0.041946186109185914,0.15333048591694076,3.6358942019847493,0.21480387633589842,2.7755575615628914e-17
3162.277660168379,160.32453906900417,0.39199544086091925,5.38543967043063e-16,3.3262905685843736e-17,-0.02276936030412331,0.19599772043045963,0.04155962912172471,0.15443809130873493,3.6504871956546503,0.21204139022866925,0.0
3162.277660168379,163.1172909227838,0.39342417240362665,5.427242906498418e-16,3.2916660197470834e-17,-0.022468157248131202,0.19671208620181332,0.041172279635144644,0.1555398065666687,3.664944942342271,0.20930223673650974,0.0
3162.277660168379,165.95869074375597,0.3948395135444779,5.468771937802095e-16,3.257118089619099e-17,-0.02216977713671581,0.19741975677223894,0.04078426678876156,0.1566354899834774,3.6792671876902108,0.20658655169864248,-2.7755575615628914e-17
3162.277660168379,168.84958594867533,0.3962414435722032,5.51002283241582e-16,3.222654291813836e-17,-0.021874224336196135,0.1981207217861016,0.04039571764645276,0.15772500413964882,3.6934537221151547,0.2038944603183177,2.7755575615628914e-17
3162.277660168379,171.79083871575875,0.3976299461275646,5.550991811706186e-16,3.188281979754669e-17,-0.021581502295402417,0.1988149730637823,0.04000675714438272,0.15880821591939961,3.707504380073254,0.20122607733144957,-2.7755575615628914e-17
3162.277660168379,174.78332624182173,0.39900500912901704,5.591675250040278e-16,3.15400834450645e-17,-0.021291613561347917,0.19950250456450852,0.03961750804239288,0.15988499652211563,3.7214190393078685,0.19858150717893708,0.0
3162.277660168379,177.82794100389228,0.4003666246967545,5.632069674359185e-16,3.119840412830268e-17,-0.021004559795241698,0.20018331234837725,0.03922809087901759,0.1609552214693597,3.7351976200809682,0.19596084418240262,-5.551115123125783e-17
3162.277660168379,180.925591025382,0.40171478907526187,5.672171763620808e-16,3.0857850454577266e-17,-0.02072034178881576,0.20085739453763093,0.038838623930080765,0.16201877060755016,3.7488400843894123,0.19336417272307238,0.0
3162.277660168379,184.07720014689562,0.40304950255450167,5.711978348116172e-16,3.0518489355808686e-17,-0.020438959480940717,0.20152475127725084,0.03844922317082427,0.16307552810642656,3.762346435167414,0.19079156742353273,0.0
3162.277660168379,187.28370830175484,0.40437076938984906,5.751486408663151e-16,3.018038607553564e-17,-0.0201604119745047,0.20218538469492453,0.03806000224151341,0.16412538245341113,3.7757167154763436,0.18824309333210093,0.0
3162.277660168379,190.54607179632464,0.4056785977209009,5.790693075682011e-16,2.9843604157999334e-17,-0.019884697553530006,0.20283929886045046,0.037671072416460887,0.1651682264439896,3.7889510076831296,0.1857188061095491,-2.7755575615628914e-17
3162.277660168379,193.86526359522077,0.40697299948927185,5.829595628156948e-16,2.9508205439251884e-17,-0.019611813700503203,0.20348649974463592,0.037282542576406195,0.16620395716822975,3.8020494326284155,0.18321875221792935,-2.7755575615628914e-17
3162.277660168379,197.24227361148533,0.40825399035549365,5.868191492487964e-16,2.917425004024051e-17,-0.019341757113894343,0.20412699517774682,0.03689451918418401,0.16723247599356283,3.815012148785641,0.18074296911125115,-2.7755575615628914e-17
3162.277660168379,200.6781090018188,0.40952158961512997,5.906478241237501e-16,2.884179636181687e-17,-0.01907452372584141,0.20476079480756498,0.03650710626361053,0.16825368854395445,3.8278393514121816,0.17829148542776488,0.0
3162.277660168379,204.17379446695296,0.41077582011421654,5.944453591776186e-16,2.851090108162018e-17,-0.0188101087199772,0.20538791005710827,0.03612040538151506,0.16926750467559323,3.840531271693664,0.17586432118361664,-2.7755575615628914e-17
3162.277660168379,207.7303725572563,0.41201670816413327,5.982115404832186e-16,2.8181619152780454e-17,-0.01854850654937575,0.20600835408206664,0.035734515632839706,0.17027383844922692,3.8530881758825326,0.1734614879676399,2.7755575615628914e-17
3162.277660168379,211.34890398366454,0.4132442834560149,6.019461682948604e-16,2.785400380438704e-17,-0.01828971095459628,0.20662214172800744,0.035349533628728225,0.1712726080992792,3.865510364431947,0.17108298913705736,2.7755575615628914e-17
3162.277660168379,215.03046793402564,0.4144585789747994,6.056490568853347e-16,2.752810654366684e-17,-0.01803371498180329,0.2072292894873997,0.03496555348752226,0.1722637359998774,3.87779817112601,0.16872882001387307,2.7755575615628914e-17
3162.277660168379,218.77616239495518,0.41565963091301483,6.09320034374595e-16,2.7203977159815388e-17,-0.01778051100094192,0.20782981545650742,0.03458266682858175,0.17324714862792565,3.8899519622073564,0.1663989680817422,2.7755575615628914e-17
3162.277660168379,222.5871044793003,0.4168474785844008,6.129589425505809e-16,2.6881663729422903e-17,-0.017530090723948143,0.2084237392922004,0.03420096276884314,0.17422277652335724,3.9019721355030583,0.16409341318310666,2.7755575615628914e-17
3162.277660168379,226.46443075930597,0.41802216433745626,6.165656366826185e-16,2.6561212623437338e-17,-0.01728244522297445,0.20901108216872813,0.03382052792202917,0.17519055424669897,3.9138591195497954,0.1618121277163998,0.0
3162.277660168379,230.40929760558447,0.4191837334690051,6.201399853278433e-16,2.6242668515605638e-17,-0.017037564948611916,0.20959186673450256,0.0334414464004214,0.17615042033408118,3.9256133727191975,0.15955507683312378,-2.7755575615628914e-17
3162.277660168379,234.42288153199226,0.4203322341378659,6.236818701310755e-16,2.5926074392333636e-17,-0.01679543974809012,0.21016611706893296,0.03306379981910566,0.1771023172498273,3.937235382344244,0.15732221863460977,-2.7755575615628914e-17
3162.277660168379,238.50637954651052,0.42146771727870935,6.271911856185803e-16,2.5611471563905943e-17,-0.01655605888343767,0.21073385863935468,0.032687667302600865,0.17804619133675387,3.948725663847562,0.15511350436828392,-5.551115123125783e-17
3162.277660168379,242.66100950824142,0.42259023651618455,6.306678389861396e-16,2.529889967700569e-17,-0.016319411049585838,0.21129511825809227,0.03231312549377947,0.17898199276431281,3.960084759872449,0.15292887862326143,0.0
3162.277660168379,246.8880104906209,0.42369984807939276,6.341117498818533e-16,2.498839672847528e-17,-0.01608548439239932,0.21184992403969638,0.0319402485649887,0.1799096754747077,3.9713132394174018,0.1507682795251026,-2.7755575615628914e-17
3162.277660168379,251.18864315095797,0.42479661071677954,6.375228501840802e-16,2.4679999080258625e-17,-0.01585426652661826,0.21239830535838977,0.031569108231281034,0.1808291971271087,3.9824116969748924,0.14863163892957137,2.7755575615628914e-17
3162.277660168379,255.5641901064137,0.42588058561152203,6.409010837749328e-16,2.437374147546595e-17,-0.015625744553696457,0.21294029280576102,0.03119977376566204,0.18174051904009902,3.9933807516751396,0.14651888261523957,-5.551115123125783e-17
3162.277660168379,260.0159563165272,0.42695183629747324,6.442464063097165e-16,2.4069657055502797e-17,-0.015399905079521528,0.21347591814873662,0.030832312016264803,0.1826436061324718,4.004221046435535,0.1444299304747938,2.7755575615628914e-17
3162.277660168379,264.54526947240487,0.4280104285757345,6.475587849827083e-16,2.376777737820515e-17,-0.015176734232003386,0.21400521428786726,0.030466787425360044,0.18353842686250724,4.014933247116407,0.14236469670490323,-2.7755575615628914e-17
3162.277660168379,269.1534803926914,0.4290564304319125,6.508381982896542e-16,2.346813243692291e-17,-0.014956217678517642,0.21452821521595625,0.030103262050110904,0.18442495316584537,4.025518041683722,0.1403230899945131,-2.7755575615628914e-17
3162.277660168379,273.8419634264361,0.4300899119541232,6.540846357873648e-16,2.3170750680495563e-17,-0.014738340643192039,0.2150449559770616,0.029741795584983993,0.18530316039207761,4.035976139379351,0.13830501371144222,0.0
3162.277660168379,278.61211686297696,0.43111094525179733,6.572980978507645e-16,2.2875659034063605e-17,-0.014523087924023856,0.21555547262589866,0.029382445385727093,0.1861730272401716,4.046308269899424,0.13631036608716024,-2.7755575615628914e-17
3162.277660168379,283.4653633489668,0.43211960437533864,6.604785954277584e-16,2.2582882920660648e-17,-0.014310443909817207,0.21605980218766932,0.029025266494826108,0.18703453569284323,4.056515182581343,0.1343390403996334,-2.7755575615628914e-17
3162.277660168379,288.40315031266056,0.433115965236687,6.636261497922533e-16,2.22924462835323e-17,-0.01410039259693,0.2165579826183435,0.0286703116683551,0.1878876709499884,4.066597645599929,0.13239092515413278,0.0
3162.277660168379,293.42695039559675,0.43410010553083106,6.667407922956776e-16,2.2004371609128285e-17,-0.013892917605820442,0.21705005276541553,0.028317631404133684,0.18873242136128182,4.076556445173187,0.13046590426190294,2.7755575615628914e-17
3162.277660168379,298.538261891796,0.4350721046583148,6.698225641173157e-16,2.171867995071586e-17,-0.013688002197384095,0.2175360523291574,0.027967273971108354,0.18956877835804903,4.086392384778132,0.1285638572165988,2.7755575615628914e-17
3162.277660168379,303.73860919461043,0.43603204364877907,6.728715160137765e-16,2.143539095256353e-17,-0.013485629289072798,0.21801602182438953,0.027619285439875314,0.19039673638451424,4.096106284377075,0.12668465926840214,-2.7755575615628914e-17
3162.277660168379,309.02954325135886,0.4369800050855753,6.758877080679021e-16,2.1154522874644938e-17,-0.013285781470787334,0.21849000254278764,0.02727370971426395,0.19121629282852365,4.105698979654776,0.12482818159573617,2.7755575615628914e-17
3162.277660168379,314.4126420258796,0.43791607303148844,6.788712094374023e-16,2.0876092617814602e-17,-0.013088441020536598,0.21895803651574422,0.026930588563902163,0.192027447951842,4.1151713212668115,0.1229942914745023,5.551115123125783e-17
3162.277660168379,319.88951096913974,0.43884033295559927,6.818220981035082e-16,2.060011574940806e-17,-0.012893589919856315,0.21942016647779963,0.026589961657686283,0.19283020482011337,4.1245241740994665,0.121182852444771,-2.7755575615628914e-17
3162.277660168379,325.4617834980457,0.43975287166131755,6.84740460619905e-16,2.0326606529219847e-17,-0.012701209868980854,0.21987643583065877,0.02625186659807971,0.19362456923257906,4.133758416541488,0.11939372447485909,0.0
3162.277660168379,331.1311214825911,0.44065377721561383,6.876263918622181e-16,2.0055577935815277e-17,-0.012511282301762655,0.22032688860780691,0.025916338956167462,0.19441054965163942,4.142874939767961,0.11762676412273886,2.7755575615628914e-17
3162.277660168379,336.8992157414906,0.4415431388794732,6.904799947782897e-16,1.978704169313196e-17,-0.012323788400333827,0.2207715694397366,0.02558341230739454,0.19518815713234206,4.1518746470365455,0.11588182469472352,0.0
3162.277660168379,342.7677865464501,0.442421047039594,6.933013801394949e-16,1.952100829732909e-17,-0.012138709109505178,0.221210523519797,0.025253118267918553,0.1959574052518784,4.160758452996321,0.11415875640138139,2.7755575615628914e-17
3162.277660168379,348.7385841352184,0.443287593141353,6.960906662933231e-16,1.9257487043844038e-17,-0.011956025150898593,0.2216437965706765,0.024925486531509347,0.19671831003916712,4.169527283009436,0.1124574065106363,5.551115123125783e-17
3162.277660168379,354.8133892335753,0.4441428696230523,6.988479789174408e-16,1.899648605461672e-17,-0.011775717036808953,0.22207143481152616,0.02460054490693003,0.19747088990459613,4.17818207248574,0.11077761949801744,0.0
3162.277660168379,360.9940135864167,0.44498696985146463,7.01573450775445e-16,1.873801230544366e-17,-0.011597765083792181,0.22249348492573232,0.02427831935573575,0.19821516556999655,4.186723766230544,0.10911923719402293,2.7755575615628914e-17
3162.277660168379,367.2823004980846,0.4458199880586922,7.042672214745064e-16,1.8482071653425815e-17,-0.011422149425976913,0.2229099940293461,0.02395883403042963,0.19895115999891647,4.195153317805677,0.10748209892857226,2.7755575615628914e-17
3162.277660168379,373.6801253821156,0.44664201928034647,7.069294372250814e-16,1.8228668864474236e-17,-0.011248850028097028,0.22332100964017323,0.023642111312915912,0.1996788983272573,4.203471688903912,0.10586604167252041,2.7755575615628914e-17
3162.277660168379,380.18939632056123,0.4474531592950622,7.09560250602881e-16,1.7977807640840698e-17,-0.011077846698243412,0.2237265796475311,0.023328171853194104,0.20039840779433699,4.211679848736885,0.10427090017621668,0.0
3162.277660168379,386.81205463305207,0.44825350456535,7.121598203132508e-16,1.7729490648640488e-17,-0.01090911910033324,0.224126752282675,0.023017034608238847,0.20110971767443617,4.219778773436573,0.10269650710509164,0.0
3162.277660168379,393.55007545577723,0.4490431521797951,7.147283109581262e-16,1.748371954533652e-17,-0.010742646766295567,0.22452157608989756,0.022708716881012798,0.20181285920888475,4.227769445470382,0.10114269317226027,0.0
3162.277660168379,400.40546833054634,0.4498221997966047,7.172658928057062e-16,1.7240495007155487e-17,-0.010578409107972595,0.22491109989830235,0.022403234359562284,0.20250786553874,4.235652853069884,0.09960928726813534,5.551115123125783e-17
3162.277660168379,407.3802778041126,0.4505907455885065,7.197727415629852e-16,1.6999816756407808e-17,-0.01041638542873613,0.22529537279425324,0.022100601156147096,0.20319477163810615,4.243429989673236,0.09809611658704617,0.0
3162.277660168379,414.47658403793884,0.45134888818899804,7.222490381512643e-16,1.6761683588684366e-17,-0.010256554934819029,0.22567444409449902,0.02180082984635792,0.2038736142481411,4.251101853381256,0.096603006750862,0.0
3162.277660168379,421.6965034285822,0.45209672663994793,7.24694968484773e-16,1.6526093399905072e-17,-0.01009889674636211,0.22604836331997397,0.021503931508177625,0.20454443181179635,4.258669446427188,0.09512978192962437,0.0
3162.277660168379,429.04218923888527,0.4528343603405424,7.271107232524944e-16,1.6293043213194738e-17,-0.009943389908176945,0.2264171801702712,0.021209915760943904,0.20520726440932727,4.266133774660075,0.09367626495919405,2.7755575615628914e-17
3162.277660168379,436.51583224016565,0.4535618889975774,7.294964977033101e-16,1.6062529205563564e-17,-0.00979001340022537,0.2267809444987887,0.020918790804173106,0.20586215369461558,4.273495847041752,0.09224227745592108,0.0
3162.277660168379,444.11966136558885,0.45427941257708637,7.318524914345462e-16,1.5834546734370766e-17,-0.009638746147816984,0.22713970628854319,0.02063056345620739,0.20650914283233576,4.280756675157353,0.09082763992835181,2.7755575615628914e-17
3162.277660168379,451.85594437492216,0.4549870312573024,7.341789081840137e-16,1.560909036355112e-17,-0.009489567031526027,0.2274935156286512,0.020345239192649023,0.2071482764360022,4.28791727273932,0.08943217188598708,-2.7755575615628914e-17
3162.277660168379,459.7269885308723,0.45568484538293963,7.364759556256093e-16,1.5386153889585003e-17,-0.009342454896829156,0.22784242269146981,0.02006282218454725,0.20777960050692254,4.294978655204769,0.08805569194510844,2.7755575615628914e-17
3162.277660168379,467.73514128719813,0.4563729554207934,7.387438451685567e-16,1.516573036719465e-17,-0.009197388563466332,0.2281864777103967,0.01978331533630614,0.20840316237409057,4.301941839206185,0.08669801793169431,0.0
3162.277660168379,475.8827909888166,0.45705146191664014,7.409827917603393e-16,1.494781213474934e-17,-0.009054346834526631,0.22852573095832007,0.019506720323282226,0.2090190106350378,4.30880784219529,0.08535896698144675,5.551115123125783e-17
3162.277660168379,484.1723675840994,0.4577204654534335,7.431930136933854e-16,1.4732390839364423e-17,-0.008913308505261624,0.22886023272671674,0.01923303762904397,0.20962719509767275,4.3155776820000105,0.0840383556369544,2.7755575615628914e-17
3162.277660168379,492.60634334957706,0.4583800666107785,7.453747324155472e-16,1.4519457461679558e-17,-0.008774252371628743,0.22919003330538926,0.018962266582265967,0.2102277667231233,4.322252376414389,0.08273599994201877,0.0
3162.277660168379,501.18723362727195,0.4590303659256753,7.475281723444185e-16,1.430900234030273e-17,-0.008637157238567348,0.22951518296283765,0.018694405393232676,0.210820777569605,4.328832942801336,0.08145171553317068,0.0
3162.277660168379,509.9175975748701,0.4596714638545155,7.496535606855219e-16,1.4101015195907954e-17,-0.008502001928010566,0.22983573192725776,0.01842945118992874,0.211406280737329,4.335320397708061,0.0801853177284096,2.7755575615628914e-17
3162.277660168379,518.8000389289609,0.46030346073631806,7.517511272543936e-16,1.389548515497529e-17,-0.008368765286635908,0.23015173036815903,0.018167400053693765,0.2119843303144653,4.341715756494046,0.07893662161319637,-5.551115123125783e-17
3162.277660168379,527.8372067815764,0.4609264567571879,7.538211043025874e-16,1.3692400773162725e-17,-0.008237426193357834,0.23046322837859395,0.01790824705442157,0.21255498132417233,4.348020032971393,0.07770544212373333,5.551115123125783e-17
3162.277660168379,537.0317963702527,0.4615405519159846,7.558637263476152e-16,1.3491750058300878e-17,-0.008107963566565832,0.2307702759579923,0.017651986285285484,0.2131182896727068,4.354234239057409,0.07649159412756745,0.0
3162.277660168379,546.386549881854,0.46214584599117803,7.578792300068285e-16,1.3293520493001871e-17,-0.007980356371111386,0.23107292299558901,0.017398610896972432,0.21367431209861654,4.3603593844392226,0.07529489250155266,5.551115123125783e-17
3162.277660168379,555.9042572704037,0.46274243850888197,7.598678538352566e-16,1.3097699056874883e-17,-0.007854583625047472,0.23137121925444099,0.017148113131410257,0.21422310612303072,4.36639647625029,0.0741151522072083,0.0
3162.277660168379,565.5877570891539,0.46333042871204033,7.618298381673896e-16,1.2904272248341864e-17,-0.007730624406124442,0.23166521435602017,0.01690048435497422,0.21476473000104593,4.3723465187585955,0.07295218836351396,2.7755575615628914e-17
3162.277660168379,575.4399373371566,0.46390991553075306,7.637654249629114e-16,1.2713226106047293e-17,-0.007608457858045959,0.23195495776537653,0.016655715091159602,0.21529924267421693,4.378210513066363,0.07180581631717883,0.0
3162.277660168379,585.4637363205773,0.46448099755372046,7.656748576563673e-16,1.2524546229857186e-17,-0.007488063196489068,0.23224049877686023,0.016413795052709068,0.2158267037241512,4.383989456821094,0.0706758517104274,-2.7755575615628914e-17
3162.277660168379,595.6621435290103,0.46504377300078725,7.675583810107538e-16,1.2338217801442948e-17,-0.007369419714892368,0.23252188650039363,0.01617471317318456,0.2163471733272091,4.389684343937736,0.06956211054634283,-2.7755575615628914e-17
3162.277660168379,606.038200527066,0.46559833969656805,7.694162409750186e-16,1.215422560444641e-17,-0.007252506790016269,0.23279916984828403,0.015938457637974378,0.21686071221030964,4.395296164331787,0.06846440925180929,0.0
3162.277660168379,616.5950018614822,0.466144795045134,7.712486845454424e-16,1.1972554044223385e-17,-0.0071373038872796285,0.233072397522567,0.01570501591472793,0.21736738160783906,4.400825903663146,0.06738256473809735,2.7755575615628914e-17
3162.277660168379,627.3356959840379,0.46668323600573935,7.730559596308785e-16,1.1793187167163373e-17,-0.007023790565876861,0.23334161800286968,0.015474374783211144,0.21786724321965856,4.40627454309048,0.06631639445913518,-2.7755575615628914e-17
3162.277660168379,638.2634861905483,0.4672137590695702,7.748383149218274e-16,1.1616108679583876e-17,-0.006911946483679752,0.2336068795347851,0.015246520364576827,0.21836035917020824,4.41164305903594,0.06526571646750905,2.7755575615628914e-17
3162.277660168379,649.3816315762114,0.4677364602374946,7.765959997633119e-16,1.144130196619847e-17,-0.00680175140192834,0.2338682301187473,0.01502143815004549,0.2188467919687018,4.416932422960008,0.0642303494682382,0.0
3162.277660168379,660.6934480075957,0.468251434998791,7.783292640315115e-16,1.1268750108158102e-17,-0.0066931851897151,0.2341257174993955,0.014799113028992717,0.21932660447040273,4.422143601146243,0.06321011287036815,5.551115123125783e-17
3162.277660168379,672.2023091115663,0.4687587783108392,7.800383580141354e-16,1.1098435900665859e-17,-0.0065862278282667495,0.2343793891554196,0.014579529316440383,0.21979985983897923,4.427277554495765,0.06220482683642688,-2.7755575615628914e-17
3162.277660168379,683.9116472814293,0.4692585845797472,7.81723532294472e-16,1.0930341870165823e-17,-0.006480859415028089,0.2346292922898736,0.014362670779949831,0.2202666215099238,4.432335238331221,0.06121431232978966,-2.7755575615628914e-17
3162.277660168379,695.824954700605,0.46975094764189995,7.833850376390951e-16,1.0764450291107358e-17,-0.0063770601675522285,0.23487547382094998,0.014148520665916075,0.2207269531550339,4.4373176022100616,0.06023839115999723,0.0
3162.277660168379,707.945784384138,0.47023596074640384,7.850231248891654e-16,1.060074320228613e-17,-0.006274810427201451,0.23511798037320192,0.013937061725262481,0.22118091864793943,4.4422255897469,0.05927688602607182,0.0
3162.277660168379,720.2777512383407,0.4707137165384087,7.866380448552883e-16,1.0439202422764328e-17,-0.006174090662663265,0.23535685826920436,0.013728276238536815,0.22162858203066757,4.447060138444733,0.058329620557877375,-2.7755575615628914e-17
3162.277660168379,732.8245331389037,0.47118430704328623,7.882300482158795e-16,1.0279809567372218e-17,-0.006074881473285811,0.23559215352164312,0.013522146040409556,0.22207000748123354,4.451822179534849,0.05739641935556788,2.7755575615628914e-17
3162.277660168379,745.5898720277816,0.4716478236516452,7.897993854189874e-16,1.0122546061794162e-17,-0.005977163592237118,0.2358239118258226,0.013318652543576654,0.22250525928224596,4.456512637825187,0.0564771080271694,0.0
3162.277660168379,758.5775750291835,0.4721043571051601,7.913463065875162e-16,9.967393157242196e-18,-0.005880917889492456,0.23605217855258004,0.013117776762069065,0.22293440179051094,4.461132431556931,0.05557151322434041,2.7755575615628914e-17
3162.277660168379,771.7915155850119,0.472553997483197,7.928710614278048e-16,9.814331944720725e-18,-0.005786125374654088,0.2362769987415985,0.012919499333972332,0.22335749940762617,4.465682472269173,0.05467946267635466,0.0
3162.277660168379,785.2356346100718,0.47299683419021166,7.943738991415003e-16,9.663343368886325e-18,-0.005692767199607755,0.23649841709510583,0.012723800543559864,0.22377461655154596,4.4701636646713965,0.053800785222351384,0.0
3162.277660168379,798.9139416674041,0.47343295594390383,7.95855068340673e-16,9.51440824150679e-18,-0.0056008246610201404,0.23671647797195192,0.012530660342844302,0.22418581762910764,4.474576906523603,0.05293531084189684,-2.7755575615628914e-17
3162.277660168379,812.8305161640986,0.47386245076410505,7.973148169661137e-16,9.367507254523751e-18,-0.005510279202681448,0.23693122538205252,0.01234005837255139,0.22459116700950113,4.478923088523859,0.052082870683899926,0.0
3162.277660168379,826.9895085679317,0.4742854059623811,7.987533922087643e-16,9.222620992723824e-18,-0.00542111241769741,0.23714270298119056,0.012151973982521921,0.22499072899866862,4.483203094203093,0.05124329709392652,0.0
3162.277660168379,841.3951416451947,0.4747019081323293,8.001710404342071e-16,9.079729946022996e-18,-0.005333306050534795,0.23735095406616466,0.011966386251547168,0.22538456781461744,4.487417799826898,0.05041642363995462,5.551115123125783e-17
3162.277660168379,856.0517117200949,0.47511204314055183,8.015680071101729e-16,8.93881452136949e-18,-0.0052468419989244895,0.23755602157027592,0.011783274006643817,0.2257727475636321,4.491568074304194,0.04960208513661265,0.0
3162.277660168379,870.9635899560806,0.47551589611828327,8.029445367369924e-16,8.7998550542705e-18,-0.005161702315626311,0.23775794805914163,0.01160261584177495,0.2261553322173667,4.495654779102506,0.04880011766794367,0.0
3162.277660168379,886.1352236594994,0.47591355145365827,8.04300872780942e-16,8.662831819948188e-18,-0.0050778692100594495,0.23795677572682913,0.011424390136023616,0.22653238559080552,4.499678768169716,0.048010358608735926,0.0
3162.277660168379,901.571137605957,0.4763050927845947,8.056372576104161e-16,8.527725044130751e-18,-0.004995325049802579,0.23815254639229735,0.011248575071226199,0.22690397132107115,4.503640887862045,0.04723264664446189,0.0
3162.277660168379,917.2759353897794,0.4766906029922786,8.069539324348709e-16,8.39451491348435e-18,-0.004914052361967537,0.2383453014961393,0.01107514864907289,0.22727015284706645,4.5075419768781275,0.046466821789865595,-2.7755575615628914e-17
3162.277660168379,933.2543007969905,0.4770701641952294,8.082511372464747e-16,8.263181585691738e-18,-0.004834033834450346,0.2385350820976147,0.010904088707682658,0.22763099338993206,4.511382866198953,0.04571272540623783,-2.7755575615628914e-17
3162.277660168379,949.5109992021983,0.4774438577439293,8.095291107644076e-16,8.13370519918382e-18,-0.004755252317063489,0.23872192887196464,0.010735372937660843,0.2279865559343038,4.515164379033522,0.04497020021741957,0.0
3162.277660168379,966.0508789898131,0.4778117642159984,8.107880903817462e-16,8.006065882530224e-18,-0.004677690822553116,0.2389058821079992,0.010568978897647232,0.22833690321035197,4.51888733077002,0.04423909032457161,0.0
3162.277660168379,982.8788730000315,0.47817396341189794,8.120283121148776e-16,7.880243763495069e-18,-0.004601332527504833,0.23908698170594897,0.010404884029362802,0.22868209767658612,4.522552528932336,0.04351924121974855,5.551115123125783e-17
3162.277660168379,1000.0,0.47853053435114495,8.132500105553755e-16,7.756218977764358e-18,-0.004526160773141764,0.23926526717557248,0.010243065672163622,0.22902220150340882,4.526160773141764,0.04281049979831497,2.7755575615628914e-17
