true_mutual_H,i1_error_phase_rad,i2_error_phase_rad,measured_i1_real_A,measured_i1_imag_A,measured_i2_real_A,measured_i2_imag_A,reconstructed_e2_real_V,reconstructed_e2_imag_V,absolute_error_V,disk_radius_V,inclusion_margin_V
0.002997,0.0,0.0,0.16965381420024886,-0.00017444669171406908,4.6813405145053974e-05,-0.06971491399753002,0.002731654946628294,0.006034377880221209,0.0017199229670353828,0.0019344414488082456,0.00021451848177286284
0.002997,0.0,0.7853981633974483,0.16965381420024886,-0.00017444669171406908,4.388447295691945e-05,-0.06970784292971816,0.0026642895063012,0.006197012439894234,0.00187410037535844,0.0019344414488082456,6.0341073449805696e-05
0.002997,0.0,1.5707963267948966,0.16965381420024886,-0.00017444669171406908,3.6813405145053975e-05,-0.06970491399753002,0.002501654946628294,0.006264377880221161,0.0019342515692856868,0.0019344414488082456,1.898795225587814e-07
0.002997,0.0,2.356194490192345,0.16965381420024886,-0.00017444669171406908,2.97423373331885e-05,-0.06970784292971816,0.0023390203869553877,0.006197012439894234,0.001873813120578983,0.0019344414488082456,6.0628328229262634e-05
0.002997,0.0,3.141592653589793,0.16965381420024886,-0.00017444669171406908,2.6813405145053976e-05,-0.06971491399753002,0.0022716549466282937,0.006034377880221209,0.0017194802882376304,0.0019344414488082456,0.00021496116057061524
0.002997,0.0,3.9269908169872414,0.16965381420024886,-0.00017444669171406908,2.9742337333188497e-05,-0.06972198506534188,0.0023390203869553877,0.005871743320548406,0.0015499984700817209,0.0019344414488082456,0.00038444297872652477
0.002997,0.0,4.71238898038469,0.16965381420024886,-0.00017444669171406908,3.6813405145053975e-05,-0.06972491399753002,0.002501654946628294,0.0058043778802214785,0.0014742517901939365,0.0019344414488082456,0.0004601896586143091
0.002997,0.0,5.497787143782138,0.16965381420024886,-0.00017444669171406908,4.3884472956919446e-05,-0.06972198506534188,0.0026642895063011996,0.005871743320548406,0.0015503457238049757,0.0019344414488082456,0.00038409572500326997
0.002997,0.7853981633974483,0.0,0.1696508852680607,-0.0001673756239022036,4.6813405145053974e-05,-0.06971491399753002,0.0026645729073033,0.00600659158974115,0.0016845229885725664,0.001934413594952123,0.0002498906063795566
0.002997,0.7853981633974483,0.7853981633974483,0.1696508852680607,-0.0001673756239022036,4.388447295691945e-05,-0.06970784292971816,0.0025972074669762058,0.006169226149414175,0.0018416663387846059,0.001934413594952123,9.274725616751711e-05
0.002997,0.7853981633974483,1.5707963267948966,0.1696508852680607,-0.0001673756239022036,3.6813405145053975e-05,-0.06970491399753002,0.0024345729073033,0.006236591589741103,0.0019075869218063096,0.001934413594952123,2.6826673145813372e-05
0.002997,0.7853981633974483,2.356194490192345,0.1696508852680607,-0.0001673756239022036,2.97423373331885e-05,-0.06970784292971816,0.0022719383476303943,0.006169226149414175,0.0018531858323055244,0.001934413594952123,8.122776264659856e-05
0.002997,0.7853981633974483,3.141592653589793,0.1696508852680607,-0.0001673756239022036,2.6813405145053976e-05,-0.06971491399753002,0.0022045729073033,0.00600659158974115,0.0017022956923843798,0.001934413594952123,0.0002321179025677432
0.002997,0.7853981633974483,3.9269908169872414,0.1696508852680607,-0.0001673756239022036,2.9742337333188497e-05,-0.06972198506534188,0.002271938347630394,0.0058439570300683474,0.0015309126101539306,0.001934413594952123,0.0004035009847981924
0.002997,0.7853981633974483,4.71238898038469,0.1696508852680607,-0.0001673756239022036,3.6813405145053975e-05,-0.06972491399753002,0.0024345729073032996,0.00577659158974142,0.001447943527591457,0.001934413594952123,0.000486470067360666
0.002997,0.7853981633974483,5.497787143782138,0.1696508852680607,-0.0001673756239022036,4.3884472956919446e-05,-0.06972198506534188,0.0025972074669762058,0.0058439570300683474,0.0015169477889112385,0.001934413594952123,0.00041746580604088454
0.002997,1.5707963267948966,0.0,0.16964381420024885,-0.00016444669171406908,4.6813405145053974e-05,-0.06971491399753002,0.002636786616823242,0.005939509550416222,0.0016151850393128575,0.0019343464857705481,0.0003191614464576906
0.002997,1.5707963267948966,0.7853981633974483,0.16964381420024885,-0.00016444669171406908,4.388447295691945e-05,-0.06970784292971816,0.002569421176496148,0.006102144110089247,0.0017733764042453751,0.0019343464857705481,0.00016097008152517298
0.002997,1.5707963267948966,1.5707963267948966,0.16964381420024885,-0.00016444669171406908,3.6813405145053975e-05,-0.06970491399753002,0.0024067866168232424,0.0061695095504161745,0.0018417428788971776,0.0019343464857705481,9.260360687337048e-05
0.002997,1.5707963267948966,2.356194490192345,0.16964381420024885,-0.00016444669171406908,2.97423373331885e-05,-0.06970784292971816,0.0022441520571503367,0.006102144110089247,0.0017903917842887213,0.0019343464857705481,0.0001439547014818268
0.002997,1.5707963267948966,3.141592653589793,0.16964381420024885,-0.00016444669171406908,2.6813405145053976e-05,-0.06971491399753002,0.0021767866168232422,0.005939509550416222,0.0016415172931598053,0.0019343464857705481,0.00029282919261074277
0.002997,1.5707963267948966,3.9269908169872414,0.16964381420024885,-0.00016444669171406908,2.9742337333188497e-05,-0.06972198506534188,0.0022441520571503362,0.005776874990743419,0.001469196332635375,0.0019343464857705481,0.00046515015313517306
0.002997,1.5707963267948966,4.71238898038469,0.16964381420024885,-0.00016444669171406908,3.6813405145053975e-05,-0.06972491399753002,0.002406786616823242,0.005709509550416492,0.0013825284456367892,0.0019343464857705481,0.0005518180401337589
0.002997,1.5707963267948966,5.497787143782138,0.16964381420024885,-0.00016444669171406908,4.3884472956919446e-05,-0.06972198506534188,0.002569421176496148,0.005776874990743419,0.0014484125771736932,0.0019343464857705481,0.0004859339085968549
0.002997,2.356194490192345,0.0,0.16963674313243698,-0.0001673756239022036,4.6813405145053974e-05,-0.06971491399753002,0.0026645729073033,0.005872427511091072,0.0015510561079350499,0.0019342794309387729,0.00038322332300372297
0.002997,2.356194490192345,0.7853981633974483,0.16963674313243698,-0.0001673756239022036,4.388447295691945e-05,-0.06970784292971816,0.0025972074669762058,0.006035062070764097,0.0017077039622355756,0.0019342794309387729,0.00022657546870319726
0.002997,2.356194490192345,1.5707963267948966,0.16963674313243698,-0.0001673756239022036,3.6813405145053975e-05,-0.06970491399753002,0.0024345729073033,0.006102427511091024,0.0017735077499127607,0.0019342794309387729,0.00016077168102601215
0.002997,2.356194490192345,2.356194490192345,0.16963674313243698,-0.0001673756239022036,2.97423373331885e-05,-0.06970784292971816,0.0022719383476303943,0.006035062070764097,0.0017201208237448639,0.0019342794309387729,0.00021415860719390897
0.002997,2.356194490192345,3.141592653589793,0.16963674313243698,-0.0001673756239022036,2.6813405145053976e-05,-0.06971491399753002,0.0022045729073033,0.005872427511091072,0.001570340082671136,0.0019342794309387729,0.0003639393482676369
0.002997,2.356194490192345,3.9269908169872414,0.16963674313243698,-0.0001673756239022036,2.9742337333188497e-05,-0.06972198506534188,0.002271938347630394,0.005709792951418269,0.0013983884305055663,0.0019342794309387729,0.0005358910004332066
0.002997,2.356194490192345,4.71238898038469,0.16963674313243698,-0.0001673756239022036,3.6813405145053975e-05,-0.06972491399753002,0.0024345729073032996,0.005642427511091341,0.0013139304723637894,0.0019342794309387729,0.0006203489585749834
0.002997,2.356194490192345,5.497787143782138,0.16963674313243698,-0.0001673756239022036,4.3884472956919446e-05,-0.06972198506534188,0.0025972074669762058,0.005709792951418269,0.0013830861784162967,0.0019342794309387729,0.0005511932525224762
0.002997,3.141592653589793,0.0,0.16963381420024884,-0.00017444669171406908,4.6813405145053974e-05,-0.06971491399753002,0.002731654946628294,0.005844641220611013,0.0015321283501764731,0.0019342517122489513,0.0004021233620724782
0.002997,3.141592653589793,0.7853981633974483,0.16963381420024884,-0.00017444669171406908,4.388447295691945e-05,-0.06970784292971816,0.0026642895063012,0.006007275780284038,0.0016851762547633593,0.0019342517122489513,0.000249075457485592
0.002997,3.141592653589793,1.5707963267948966,0.16963381420024884,-0.00017444669171406908,3.6813405145053975e-05,-0.06970491399753002,0.002501654946628294,0.006074641220610966,0.0017445149866774311,0.0019342517122489513,0.0001897367255715202
0.002997,3.141592653589793,2.356194490192345,0.16963381420024884,-0.00017444669171406908,2.97423373331885e-05,-0.06970784292971816,0.0023390203869553877,0.006007275780284038,0.0016848567902209267,0.0019342517122489513,0.0002493949220280247
0.002997,3.141592653589793,3.141592653589793,0.16963381420024884,-0.00017444669171406908,2.6813405145053976e-05,-0.06971491399753002,0.0022716549466282937,0.005844641220611013,0.0015316313951197432,0.0019342517122489513,0.0004026203171292081
0.002997,3.141592653589793,3.9269908169872414,0.16963381420024884,-0.00017444669171406908,2.9742337333188497e-05,-0.06972198506534188,0.0023390203869553877,0.00568200666093821,0.0013614304985247493,0.0019342517122489513,0.000572821213724202
0.002997,3.141592653589793,4.71238898038469,0.16963381420024884,-0.00017444669171406908,3.6813405145053975e-05,-0.06972491399753002,0.002501654946628294,0.005614641220611283,0.0012845152677914348,0.0019342517122489513,0.0006497364444575165
0.002997,3.141592653589793,5.497787143782138,0.16963381420024884,-0.00017444669171406908,4.3884472956919446e-05,-0.06972198506534188,0.0026642895063011996,0.00568200666093821,0.001361825836286728,0.0019342517122489513,0.0005724258759622234
0.002997,3.9269908169872414,0.0,0.16963674313243698,-0.00018151775952593457,4.6813405145053974e-05,-0.06971491399753002,0.0027987369859532873,0.005872427511091072,0.001570966134237406,0.0019342795689069208,0.0003633134346695149
0.002997,3.9269908169872414,0.7853981633974483,0.16963674313243698,-0.00018151775952593457,4.388447295691945e-05,-0.06970784292971816,0.0027313715456261933,0.006035062070764097,0.0017205627925549847,0.0019342795689069208,0.00021371677635193616
0.002997,3.9269908169872414,1.5707963267948966,0.16963674313243698,-0.00018151775952593457,3.6813405145053975e-05,-0.06970491399753002,0.0025687369859532876,0.006102427511091024,0.001773632940543173,0.0019342795689069208,0.00016064662836374772
0.002997,3.9269908169872414,2.356194490192345,0.16963674313243698,-0.00018151775952593457,2.97423373331885e-05,-0.06970784292971816,0.002406102426280382,0.006035062070764097,0.0017075187510975057,0.0019342795689069208,0.00022676081780941514
0.002997,3.9269908169872414,3.141592653589793,0.16963674313243698,-0.00018151775952593457,2.6813405145053976e-05,-0.06971491399753002,0.0023387369859532874,0.005872427511091072,0.0015507084083875328,0.0019342795689069208,0.000383571160519388
0.002997,3.9269908169872414,3.9269908169872414,0.16963674313243698,-0.00018151775952593457,2.9742337333188497e-05,-0.06972198506534188,0.0024061024262803815,0.005709792951418269,0.001382857490720102,0.0019342795689069208,0.0005514220781868188
0.002997,3.9269908169872414,4.71238898038469,0.16963674313243698,-0.00018151775952593457,3.6813405145053975e-05,-0.06972491399753002,0.002568736985953287,0.005642427511091341,0.0013140994463834656,0.0019342795689069208,0.0006201801225234553
0.002997,3.9269908169872414,5.497787143782138,0.16963674313243698,-0.00018151775952593457,4.3884472956919446e-05,-0.06972198506534188,0.0027313715456261933,0.005709792951418269,0.0013989320488914819,0.0019342795689069208,0.000535347520015439
0.002997,4.71238898038469,0.0,0.16964381420024885,-0.00018444669171406908,4.6813405145053974e-05,-0.06971491399753002,0.002826523276433345,0.005939509550416222,0.0016421722146994495,0.0019343466808788411,0.0002921744661793916
0.002997,4.71238898038469,0.7853981633974483,0.16964381420024885,-0.00018444669171406908,4.388447295691945e-05,-0.06970784292971816,0.002759157836106251,0.006102144110089247,0.00179086776602948,0.0019343466808788411,0.00014347891484936103
0.002997,4.71238898038469,1.5707963267948966,0.16964381420024885,-0.00018444669171406908,3.6813405145053975e-05,-0.06970491399753002,0.0025965232764333453,0.0061695095504161745,0.0018419133638851299,0.0019343466808788411,9.243331699371128e-05
0.002997,4.71238898038469,2.356194490192345,0.16964381420024885,-0.00018444669171406908,2.97423373331885e-05,-0.06970784292971816,0.002433888716760439,0.006102144110089247,0.0017732499184152605,0.0019343466808788411,0.00016109676246358067
0.002997,4.71238898038469,3.141592653589793,0.16964381420024885,-0.00018444669171406908,2.6813405145053976e-05,-0.06971491399753002,0.002366523276433345,0.005939509550416222,0.001614908099060816,0.0019343466808788411,0.0003194385818180252
0.002997,4.71238898038469,3.9269908169872414,0.16964381420024885,-0.00018444669171406908,2.9742337333188497e-05,-0.06972198506534188,0.0024338887167604387,0.005776874990743419,0.0014482577104025416,0.0019343466808788411,0.00048608897047629955
0.002997,4.71238898038469,4.71238898038469,0.16964381420024885,-0.00018444669171406908,3.6813405145053975e-05,-0.06972491399753002,0.002596523276433345,0.005709509550416492,0.0013827555500105747,0.0019343466808788411,0.0005515911308682665
0.002997,4.71238898038469,5.497787143782138,0.16964381420024885,-0.00018444669171406908,4.3884472956919446e-05,-0.06972198506534188,0.002759157836106251,0.005776874990743419,0.001469776336040319,0.0019343466808788411,0.0004645703448385222
0.002997,5.497787143782138,0.0,0.1696508852680607,-0.00018151775952593457,4.6813405145053974e-05,-0.06971491399753002,0.0027987369859532873,0.00600659158974115,0.0017028732319194064,0.0019344137329087695,0.0002315405009893632
0.002997,5.497787143782138,0.7853981633974483,0.1696508852680607,-0.00018151775952593457,4.388447295691945e-05,-0.06970784292971816,0.0027313715456261933,0.006169226149414175,0.0018535960735558915,0.0019344137329087695,8.081765935287802e-05
0.002997,5.497787143782138,1.5707963267948966,0.1696508852680607,-0.00018151775952593457,3.6813405145053975e-05,-0.06970491399753002,0.0025687369859532876,0.006236591589741103,0.0019077033136800049,0.0019344137329087695,2.6710419228764652e-05
0.002997,5.497787143782138,2.356194490192345,0.1696508852680607,-0.00018151775952593457,2.97423373331885e-05,-0.06970784292971816,0.002406102426280382,0.006169226149414175,0.001841494601166888,0.0019344137329087695,9.291913174188163e-05
0.002997,5.497787143782138,3.141592653589793,0.1696508852680607,-0.00018151775952593457,2.6813405145053976e-05,-0.06971491399753002,0.0023387369859532874,0.00600659158974115,0.0016842028431607104,0.0019344137329087695,0.00025021088974805914
0.002997,5.497787143782138,3.9269908169872414,0.1696508852680607,-0.00018151775952593457,2.9742337333188497e-05,-0.06972198506534188,0.0024061024262803815,0.0058439570300683474,0.0015167392844510875,0.0019344137329087695,0.00041767444845768205
0.002997,5.497787143782138,4.71238898038469,0.1696508852680607,-0.00018151775952593457,3.6813405145053975e-05,-0.06972491399753002,0.002568736985953287,0.00577659158974142,0.0014480968641196596,0.0019344137329087695,0.00048631686878911
0.002997,5.497787143782138,5.497787143782138,0.1696508852680607,-0.00018151775952593457,4.3884472956919446e-05,-0.06972198506534188,0.0027313715456261933,0.0058439570300683474,0.0015314091859369979,0.0019344137329087695,0.0004030045469717717
0.003003,0.0,0.0,0.1692059542030315,-0.00017433385110635254,4.67160867642817e-05,-0.06966994631482326,0.0027283461238717063,0.0028198615902261803,0.0015274303969089996,0.0019301926769647534,0.00040276228005575385
0.003003,0.0,0.7853981633974483,0.1692059542030315,-0.00017433385110635254,4.3787154576147176e-05,-0.0696628752470114,0.0026609806835446127,0.0029824961498992053,0.0013572117519451946,0.0019301926769647534,0.0005729809250195588
0.003003,0.0,1.5707963267948966,0.1692059542030315,-0.00017433385110635254,3.67160867642817e-05,-0.06965994631482327,0.0024983461238717065,0.003049861590226133,0.0012802664969530973,0.0019301926769647534,0.0006499261800116561
0.003003,0.0,2.356194490192345,0.1692059542030315,-0.00017433385110635254,2.9645018952416224e-05,-0.0696628752470114,0.0023357115641988004,0.0029824961498992053,0.0013576080617327148,0.0019301926769647534,0.0005725846152320386
0.003003,0.0,3.141592653589793,0.1692059542030315,-0.00017433385110635254,2.67160867642817e-05,-0.06966994631482326,0.0022683461238717064,0.0028198615902261803,0.0015279283960446624,0.0019301926769647534,0.00040226428092009106
0.003003,0.0,3.9269908169872414,0.1692059542030315,-0.00017433385110635254,2.964501895241622e-05,-0.06967701738263513,0.0023357115641988004,0.0026572270305533774,0.001680947667603721,0.0019301926769647534,0.0002492450093610325
0.003003,0.0,4.71238898038469,0.1692059542030315,-0.00017433385110635254,3.67160867642817e-05,-0.06967994631482326,0.002498346123871706,0.00258986159022645,0.001740266214583225,0.0019301926769647534,0.00018992646238152845
0.003003,0.0,5.497787143782138,0.1692059542030315,-0.00017433385110635254,4.378715457614717e-05,-0.06967701738263513,0.002660980683544612,0.0026572270305533774,0.001680627606449113,0.0019301926769647534,0.0002495650705156404
0.003003,0.7853981633974483,0.0,0.16920302527084335,-0.00016726278329448705,4.67160867642817e-05,-0.06966994631482326,0.0026612640845467125,0.0027920752997458997,0.0015464828469226037,0.0019301648229745492,0.0003836819760519455
0.003003,0.7853981633974483,0.7853981633974483,0.16920302527084335,-0.00016726278329448705,4.3787154576147176e-05,-0.0696628752470114,0.0025938986442196185,0.0029547098594189247,0.0013786186267573503,0.0019301648229745492,0.0005515461962171989
0.003003,0.7853981633974483,1.5707963267948966,0.16920302527084335,-0.00016726278329448705,3.67160867642817e-05,-0.06965994631482327,0.0024312640845467128,0.003022075299745852,0.0013098564524837762,0.0019301648229745492,0.000620308370490773
0.003003,0.7853981633974483,2.356194490192345,0.16920302527084335,-0.00016726278329448705,2.9645018952416224e-05,-0.0696628752470114,0.0022686295248738066,0.0029547098594189247,0.001394741789513801,0.0019301648229745492,0.0005354230334607482
0.003003,0.7853981633974483,3.141592653589793,0.16920302527084335,-0.00016726278329448705,2.67160867642817e-05,-0.06966994631482326,0.0022012640845467126,0.0027920752997458997,0.0015667948934186841,0.0019301648229745492,0.0003633699295558651
0.003003,0.7853981633974483,3.9269908169872414,0.16920302527084335,-0.00016726278329448705,2.964501895241622e-05,-0.06967701738263513,0.0022686295248738066,0.002629440740073097,0.0017163525616334504,0.0019301648229745492,0.0002138122613410988
0.003003,0.7853981633974483,4.71238898038469,0.16920302527084335,-0.00016726278329448705,3.67160867642817e-05,-0.06967994631482326,0.0024312640845467123,0.0025620752997461693,0.0017693873255323425,0.0019301648229745492,0.00016077749744220675
0.003003,0.7853981633974483,5.497787143782138,0.16920302527084335,-0.00016726278329448705,4.378715457614717e-05,-0.06967701738263513,0.0025938986442196185,0.002629440740073097,0.0017032764820932242,0.0019301648229745492,0.00022688834088132508
0.003003,1.5707963267948966,0.0,0.1691959542030315,-0.00016433385110635254,4.67160867642817e-05,-0.06966994631482326,0.002633477794066655,0.0027249932604209715,0.0016106739906601704,0.0019300977137397032,0.00031942372307953277
0.003003,1.5707963267948966,0.7853981633974483,0.1691959542030315,-0.00016433385110635254,4.3787154576147176e-05,-0.0696628752470114,0.0025661123537395612,0.0028876278200939964,0.0014440134285860968,0.0019300977137397032,0.00048608428515360637
0.003003,1.5707963267948966,1.5707963267948966,0.1691959542030315,-0.00016433385110635254,3.67160867642817e-05,-0.06965994631482327,0.002403477794066655,0.002954993260420924,0.0013785170981921357,0.0019300977137397032,0.0005515806155475674
0.003003,1.5707963267948966,2.356194490192345,0.1691959542030315,-0.00016433385110635254,2.9645018952416224e-05,-0.0696628752470114,0.0022408432343937494,0.0028876278200939964,0.0014655941347383604,0.0019300977137397032,0.00046450357900134276
0.003003,1.5707963267948966,3.141592653589793,0.1691959542030315,-0.00016433385110635254,2.67160867642817e-05,-0.06966994631482326,0.0021734777940666554,0.0027249932604209715,0.0016380082825333444,0.0019300977137397032,0.00029208943120635875
0.003003,1.5707963267948966,3.9269908169872414,0.1691959542030315,-0.00016433385110635254,2.964501895241622e-05,-0.06967701738263513,0.002240843234393749,0.0025623587007481685,0.0017866636661384575,0.0019300977137397032,0.00014343404760124565
0.003003,1.5707963267948966,4.71238898038469,0.1691959542030315,-0.00016433385110635254,3.67160867642817e-05,-0.06967994631482326,0.002403477794066655,0.002494993260421241,0.001837670386067118,0.0019300977137397032,9.24273276725852e-05
0.003003,1.5707963267948966,5.497787143782138,0.1691959542030315,-0.00016433385110635254,4.378715457614717e-05,-0.06967701738263513,0.002566112353739561,0.0025623587007481685,0.0017690041464215975,0.0019300977137397032,0.00016109356731810564
0.003003,2.356194490192345,0.0,0.16918888313521963,-0.00016726278329448705,4.67160867642817e-05,-0.06966994631482326,0.0026612640845467125,0.002657911221096043,0.0016799737436829294,0.0019300306589614571,0.0002500569152785277
0.003003,2.356194490192345,0.7853981633974483,0.16918888313521963,-0.00016726278329448705,4.3787154576147176e-05,-0.0696628752470114,0.0025938986442196185,0.002820545780769068,0.0015124987504028572,0.0019300306589614571,0.00041753190855859995
0.003003,2.356194490192345,1.5707963267948966,0.16918888313521963,-0.00016726278329448705,3.67160867642817e-05,-0.06965994631482327,0.0024312640845467128,0.0028879112210959956,0.0014438528434617766,0.0019300306589614571,0.00048617781549968055
0.003003,2.356194490192345,2.356194490192345,0.16918888313521963,-0.00016726278329448705,2.9645018952416224e-05,-0.0696628752470114,0.0022686295248738066,0.002820545780769068,0.0015272091576938776,0.0019300306589614571,0.00040282150126757957
0.003003,2.356194490192345,3.141592653589793,0.16918888313521963,-0.00016726278329448705,2.67160867642817e-05,-0.06966994631482326,0.0022012640845467126,0.002657911221096043,0.0016986903254216355,0.0019300306589614571,0.00023134033353982165
0.003003,2.356194490192345,3.9269908169872414,0.16918888313521963,-0.00016726278329448705,2.964501895241622e-05,-0.06967701738263513,0.0022686295248738066,0.0024952766614232402,0.0018493804722593337,0.0019300306589614571,8.065018670212342e-05
0.003003,2.356194490192345,4.71238898038469,0.16918888313521963,-0.00016726278329448705,3.67160867642817e-05,-0.06967994631482326,0.0024312640845467123,0.0024279112210963127,0.001903457267072616,0.0019300306589614571,2.6573391888841044e-05
0.003003,2.356194490192345,5.497787143782138,0.16918888313521963,-0.00016726278329448705,4.378715457614717e-05,-0.06967701738263513,0.0025938986442196185,0.0024952766614232402,0.001837251422587643,0.0019300306589614571,9.277923637381405e-05
0.003003,3.141592653589793,0.0,0.16918595420303148,-0.00017433385110635254,4.67160867642817e-05,-0.06966994631482326,0.0027283461238717063,0.0026301249306157626,0.0017152693819145312,0.0019300029404058607,0.0002147335584913295
0.003003,3.141592653589793,0.7853981633974483,0.16918595420303148,-0.00017433385110635254,4.3787154576147176e-05,-0.0696628752470114,0.0026609806835446127,0.0027927594902887876,0.0015457728483095038,0.0019300029404058607,0.00038423009209635696
0.003003,3.141592653589793,1.5707963267948966,0.16918595420303148,-0.00017433385110635254,3.67160867642817e-05,-0.06965994631482327,0.0024983461238717065,0.002860124930615715,0.0014700030186811368,0.0019300029404058607,0.0004599999217247239
0.003003,3.141592653589793,2.356194490192345,0.16918595420303148,-0.00017433385110635254,2.9645018952416224e-05,-0.0696628752470114,0.0023357115641988004,0.0027927594902887876,0.0015461208258847011,0.0019300029404058607,0.0003838821145211596
0.003003,3.141592653589793,3.141592653589793,0.16918595420303148,-0.00017433385110635254,2.67160867642817e-05,-0.06966994631482326,0.0022683461238717064,0.0026301249306157626,0.001715712860175469,0.0019300029404058607,0.00021429008023039178
0.003003,3.141592653589793,3.9269908169872414,0.16918595420303148,-0.00017433385110635254,2.964501895241622e-05,-0.06967701738263513,0.0023357115641988004,0.0024674903709429596,0.0018698679024287573,0.0019300029404058607,6.0135037977103456e-05
0.003003,3.141592653589793,4.71238898038469,0.16918595420303148,-0.00017433385110635254,3.67160867642817e-05,-0.06967994631482326,0.002498346123871706,0.002400124930616032,0.001930002796933826,0.0019300029404058607,1.4347203481680781e-10
0.003003,3.141592653589793,5.497787143782138,0.16918595420303148,-0.00017433385110635254,4.378715457614717e-05,-0.06967701738263513,0.002660980683544612,0.0024674903709429596,0.0018695801835893013,0.0019300029404058607,6.042275681655937e-05
0.003003,3.9269908169872414,0.0,0.16918888313521963,-0.00018140491891821802,4.67160867642817e-05,-0.06966994631482326,0.0027954281631967,0.002657911221096043,0.0016981117378161907,0.0019300307972053396,0.0002319190593891489
0.003003,3.9269908169872414,0.7853981633974483,0.16918888313521963,-0.00018140491891821802,4.3787154576147176e-05,-0.0696628752470114,0.002728062722869606,0.002820545780769068,0.0015267115379621065,0.0019300307972053396,0.0004033192592432331
0.003003,3.9269908169872414,1.5707963267948966,0.16918888313521963,-0.00018140491891821802,3.67160867642817e-05,-0.06965994631482327,0.0025654281631967003,0.0028879112210959956,0.0014436991556549272,0.0019300307972053396,0.0004863316415504124
0.003003,3.9269908169872414,2.356194490192345,0.16918888313521963,-0.00018140491891821802,2.9645018952416224e-05,-0.0696628752470114,0.002402793603523794,0.002820545780769068,0.001512707704118615,0.0019300307972053396,0.00041732309308672457
0.003003,3.9269908169872414,3.141592653589793,0.16918888313521963,-0.00018140491891821802,2.67160867642817e-05,-0.06966994631482326,0.0023354281631967,0.002657911221096043,0.001680294487275418,0.0019300307972053396,0.00024973630992992154
0.003003,3.9269908169872414,3.9269908169872414,0.16918888313521963,-0.00018140491891821802,2.964501895241622e-05,-0.06967701738263513,0.002402793603523794,0.0024952766614232402,0.0018374234454610415,0.0019300307972053396,9.260735174429816e-05
0.003003,3.9269908169872414,4.71238898038469,0.16918888313521963,-0.00018140491891821802,3.67160867642817e-05,-0.06967994631482326,0.0025654281631967,0.0024279112210963127,0.0019033406910055923,0.0019300307972053396,2.669010619974735e-05
0.003003,3.9269908169872414,5.497787143782138,0.16918888313521963,-0.00018140491891821802,4.378715457614717e-05,-0.06967701738263513,0.002728062722869606,0.0024952766614232402,0.001848969561668535,0.0019300307972053396,8.106123553680458e-05
0.003003,4.71238898038469,0.0,0.1691959542030315,-0.00018433385110635254,4.67160867642817e-05,-0.06966994631482326,0.0028232144536767577,0.0027249932604209715,0.001637352120267911,0.0019300979092379056,0.00029274578896999466
0.003003,4.71238898038469,0.7853981633974483,0.1691959542030315,-0.00018433385110635254,4.3787154576147176e-05,-0.0696628752470114,0.0027558490133496637,0.0028876278200939964,0.0014650128519067625,0.0019300979092379056,0.00046508505733114315
0.003003,4.71238898038469,1.5707963267948966,0.1691959542030315,-0.00018433385110635254,3.67160867642817e-05,-0.06965994631482327,0.002593214453676758,0.002954993260420924,0.0013782894428036817,0.0019300979092379056,0.0005518084664342239
0.003003,4.71238898038469,2.356194490192345,0.1691959542030315,-0.00018433385110635254,2.9645018952416224e-05,-0.0696628752470114,0.002430579894003852,0.0028876278200939964,0.0014441686500324352,0.0019300979092379056,0.0004859292592054704
0.003003,4.71238898038469,3.141592653589793,0.1691959542030315,-0.00018433385110635254,2.67160867642817e-05,-0.06966994631482326,0.002363214453676758,0.0027249932604209715,0.001610951479208237,0.0019300979092379056,0.00031914643002966874
0.003003,4.71238898038469,3.9269908169872414,0.1691959542030315,-0.00018433385110635254,2.964501895241622e-05,-0.06967701738263513,0.002430579894003852,0.0025623587007481685,0.0017691308537969531,0.0019300979092379056,0.00016096705544095253
0.003003,4.71238898038469,4.71238898038469,0.1691959542030315,-0.00018433385110635254,3.67160867642817e-05,-0.06967994631482326,0.0025932144536767576,0.002494993260421241,0.0018374996179493718,0.0019300979092379056,9.259829128853382e-05
0.003003,4.71238898038469,5.497787143782138,0.1691959542030315,-0.00018433385110635254,4.378715457614717e-05,-0.06967701738263513,0.0027558490133496637,0.0025623587007481685,0.0017861868727464705,0.0019300979092379056,0.00014391103649143513
0.003003,5.497787143782138,0.0,0.16920302527084335,-0.00018140491891821802,4.67160867642817e-05,-0.06966994631482326,0.0027954281631967,0.0027920752997458997,0.0015661675805835492,0.0019301649612068772,0.000363997380623328
0.003003,5.497787143782138,0.7853981633974483,0.16920302527084335,-0.00018140491891821802,4.3787154576147176e-05,-0.0696628752470114,0.002728062722869606,0.0029547098594189247,0.0013941968900477214,0.0019301649612068772,0.0005359680711591558
0.003003,5.497787143782138,1.5707963267948966,0.16920302527084335,-0.00018140491891821802,3.67160867642817e-05,-0.06965994631482327,0.0025654281631967003,0.003022075299745852,0.0013096870407007452,0.0019301649612068772,0.000620477920506132
0.003003,5.497787143782138,2.356194490192345,0.16920302527084335,-0.00018140491891821802,2.9645018952416224e-05,-0.0696628752470114,0.002402793603523794,0.0029547098594189247,0.0013788478691182464,0.0019301649612068772,0.0005513170920886307
0.003003,5.497787143782138,3.141592653589793,0.16920302527084335,-0.00018140491891821802,2.67160867642817e-05,-0.06966994631482326,0.0023354281631967,0.0027920752997458997,0.0015468312708016877,0.0019301649612068772,0.0003833336904051894
0.003003,5.497787143782138,3.9269908169872414,0.16920302527084335,-0.00018140491891821802,2.964501895241622e-05,-0.06967701738263513,0.002402793603523794,0.002629440740073097,0.0017034620343821803,0.0019301649612068772,0.00022670292682469692
0.003003,5.497787143782138,4.71238898038469,0.16920302527084335,-0.00018140491891821802,3.67160867642817e-05,-0.06967994631482326,0.0025654281631967,0.0025620752997461693,0.0017692619156644354,0.0019301649612068772,0.00016090304554244178
0.003003,5.497787143782138,5.497787143782138,0.16920302527084335,-0.00018140491891821802,4.378715457614717e-05,-0.06967701738263513,0.002728062722869606,0.002629440740073097,0.0017159097950149608,0.0019301649612068772,0.00021425516619191635
